task,seed,condition,mode,nodes,cooperative_nodes,graph_accepted,execution_success,scheduled_window_s,completed_schedule_s,simulation_end_s,abort_s,interarm_penetration_steps,station_overlap_steps,physics_warnings,maximum_ik_residual,recorded,mujoco_version,python_version
T01,100,fast,full,4,0,True,True,6.0,6.0,6.499999999999506,,0,0,0,9.962788152202215e-06,False,3.3.3,3.11.14
T01,100,heavy,full,4,0,True,True,12.0,12.0,12.500000000000844,,0,0,0,9.998471542195625e-06,False,3.3.3,3.11.14
T01,100,low_friction,full,4,0,True,False,12.0,,6.501999999999506,6.0,0,0,0,9.720249110970184e-06,False,3.3.3,3.11.14
T01,100,nominal,full,4,0,True,True,12.0,12.0,12.500000000000844,,0,0,0,9.568711149067786e-06,True,3.3.3,3.11.14
T01,100,nominal,serial,4,0,True,True,24.0,24.0,24.4999999999973,,0,0,0,9.915433317218047e-06,True,3.3.3,3.11.14
T01,100,pose_bias,full,4,0,True,True,12.0,12.0,12.500000000000844,,0,0,0,9.686470566118037e-06,False,3.3.3,3.11.14
T01,101,fast,full,4,0,True,True,6.0,6.0,6.499999999999506,,0,0,0,9.997564455639458e-06,False,3.3.3,3.11.14
T01,101,heavy,full,4,0,True,True,12.0,12.0,12.500000000000844,,0,0,0,9.425179995398264e-06,False,3.3.3,3.11.14
T01,101,low_friction,full,4,0,True,False,12.0,,6.501999999999506,6.0,0,0,0,9.953452359851547e-06,False,3.3.3,3.11.14
T01,101,nominal,full,4,0,True,True,12.0,12.0,12.500000000000844,,0,0,0,9.45409741618986e-06,False,3.3.3,3.11.14
T01,101,nominal,serial,4,0,True,True,24.0,24.0,24.4999999999973,,0,0,0,9.952770985424572e-06,False,3.3.3,3.11.14
T01,101,pose_bias,full,4,0,True,False,12.0,,12.500000000000844,12.0,0,0,0,9.274253773552905e-06,False,3.3.3,3.11.14
T01,102,fast,full,4,0,True,True,6.0,6.0,6.499999999999506,,0,0,0,9.961471129297799e-06,False,3.3.3,3.11.14
T01,102,heavy,full,4,0,True,True,12.0,12.0,12.500000000000844,,0,0,0,9.795112987823226e-06,False,3.3.3,3.11.14
T01,102,low_friction,full,4,0,True,False,12.0,,6.501999999999506,6.0,0,0,0,9.620837010948313e-06,False,3.3.3,3.11.14
T01,102,nominal,full,4,0,True,True,12.0,12.0,12.500000000000844,,0,0,0,9.911863881982465e-06,False,3.3.3,3.11.14
T01,102,nominal,serial,4,0,True,True,24.0,24.0,24.4999999999973,,0,0,0,9.956621478052856e-06,False,3.3.3,3.11.14
T01,102,pose_bias,full,4,0,True,True,12.0,12.0,12.500000000000844,,0,0,0,9.809023122878212e-06,False,3.3.3,3.11.14
T01,103,fast,full,4,0,True,True,6.0,6.0,6.499999999999506,,0,0,0,9.965307056532028e-06,False,3.3.3,3.11.14
T01,103,heavy,full,4,0,True,True,12.0,12.0,12.500000000000844,,0,0,0,9.971209954674636e-06,False,3.3.3,3.11.14
T01,103,low_friction,full,4,0,True,False,12.0,,6.501999999999506,6.0,0,0,0,9.506366909941886e-06,False,3.3.3,3.11.14
T01,103,nominal,full,4,0,True,True,12.0,12.0,12.500000000000844,,0,0,0,9.901756352191068e-06,False,3.3.3,3.11.14
T01,103,nominal,serial,4,0,True,True,24.0,24.0,24.4999999999973,,0,0,0,9.974330556235409e-06,False,3.3.3,3.11.14
T01,103,pose_bias,full,4,0,True,True,12.0,12.0,12.500000000000844,,0,0,0,9.798208603445849e-06,False,3.3.3,3.11.14
T01,104,fast,full,4,0,True,True,6.0,6.0,6.499999999999506,,0,0,0,9.961654274159228e-06,False,3.3.3,3.11.14
T01,104,heavy,full,4,0,True,True,12.0,12.0,12.500000000000844,,0,0,0,9.703899159038723e-06,False,3.3.3,3.11.14
T01,104,low_friction,full,4,0,True,False,12.0,,6.501999999999506,6.0,0,0,0,9.754599475486284e-06,False,3.3.3,3.11.14
T01,104,nominal,full,4,0,True,True,12.0,12.0,12.500000000000844,,0,0,0,9.583549047645171e-06,False,3.3.3,3.11.14
T01,104,nominal,serial,4,0,True,True,24.0,24.0,24.4999999999973,,0,0,0,9.97684066688991e-06,False,3.3.3,3.11.14
T01,104,pose_bias,full,4,0,True,True,12.0,12.0,12.500000000000844,,0,0,0,9.96407932023227e-06,False,3.3.3,3.11.14
T02,100,fast,full,6,0,True,True,14.0,14.0,14.500000000001512,,0,0,0,9.975769412469457e-06,False,3.3.3,3.11.14
T02,100,heavy,full,6,0,True,True,28.0,28.0,28.499999999995083,,0,0,0,9.798750528982316e-06,False,3.3.3,3.11.14
T02,100,low_friction,full,6,0,True,False,28.0,,6.501999999999506,6.0,0,0,0,9.720249110970184e-06,False,3.3.3,3.11.14
T02,100,nominal,full,6,0,True,True,28.0,28.0,28.499999999995083,,0,0,0,9.721156756115159e-06,True,3.3.3,3.11.14
T02,100,nominal,serial,6,0,True,True,40.0,40.0,40.50000000000353,,0,0,0,9.635826210777005e-06,True,3.3.3,3.11.14
T02,100,pose_bias,full,6,0,True,True,28.0,28.0,28.499999999995083,,0,0,0,9.942615448661587e-06,False,3.3.3,3.11.14
T02,101,fast,full,6,0,True,True,14.0,14.0,14.500000000001512,,0,0,0,9.97902023599898e-06,False,3.3.3,3.11.14
T02,101,heavy,full,6,0,True,True,28.0,28.0,28.499999999995083,,0,0,0,9.580840419587746e-06,False,3.3.3,3.11.14
T02,101,low_friction,full,6,0,True,False,28.0,,6.501999999999506,6.0,0,0,0,9.953452359851547e-06,False,3.3.3,3.11.14
T02,101,nominal,full,6,0,True,True,28.0,28.0,28.499999999995083,,0,0,0,9.724249942929228e-06,False,3.3.3,3.11.14
T02,101,nominal,serial,6,0,True,True,40.0,40.0,40.50000000000353,,0,0,0,9.903829594484649e-06,False,3.3.3,3.11.14
T02,101,pose_bias,full,6,0,True,True,28.0,28.0,28.499999999995083,,0,0,0,9.274253773552905e-06,False,3.3.3,3.11.14
T02,102,fast,full,6,0,True,True,14.0,14.0,14.500000000001512,,0,0,0,9.974181803379847e-06,False,3.3.3,3.11.14
T02,102,heavy,full,6,0,True,True,28.0,28.0,28.499999999995083,,0,0,0,9.610912877508497e-06,False,3.3.3,3.11.14
T02,102,low_friction,full,6,0,True,False,28.0,,6.501999999999506,6.0,0,0,0,9.620837010948313e-06,False,3.3.3,3.11.14
T02,102,nominal,full,6,0,True,True,28.0,28.0,28.499999999995083,,0,0,0,9.828499952709621e-06,False,3.3.3,3.11.14
T02,102,nominal,serial,6,0,True,True,40.0,40.0,40.50000000000353,,0,0,0,9.828985610837321e-06,False,3.3.3,3.11.14
T02,102,pose_bias,full,6,0,True,True,28.0,28.0,28.499999999995083,,0,0,0,9.722690198246456e-06,False,3.3.3,3.11.14
T02,103,fast,full,6,0,True,True,14.0,14.0,14.500000000001512,,0,0,0,9.97667811126225e-06,False,3.3.3,3.11.14
T02,103,heavy,full,6,0,True,True,28.0,28.0,28.499999999995083,,0,0,0,9.615235218734593e-06,False,3.3.3,3.11.14
T02,103,low_friction,full,6,0,True,False,28.0,,6.501999999999506,6.0,0,0,0,9.506366909941886e-06,False,3.3.3,3.11.14
T02,103,nominal,full,6,0,True,True,28.0,28.0,28.499999999995083,,0,0,0,9.99650143012616e-06,False,3.3.3,3.11.14
T02,103,nominal,serial,6,0,True,True,40.0,40.0,40.50000000000353,,0,0,0,9.992349319225923e-06,False,3.3.3,3.11.14
T02,103,pose_bias,full,6,0,True,True,28.0,28.0,28.499999999995083,,0,0,0,9.992557157560985e-06,False,3.3.3,3.11.14
T02,104,fast,full,6,0,True,True,14.0,14.0,14.500000000001512,,0,0,0,9.986653017932057e-06,False,3.3.3,3.11.14
T02,104,heavy,full,6,0,True,True,28.0,28.0,28.499999999995083,,0,0,0,9.59365229220493e-06,False,3.3.3,3.11.14
T02,104,low_friction,full,6,0,True,False,28.0,,6.501999999999506,6.0,0,0,0,9.754599475486284e-06,False,3.3.3,3.11.14
T02,104,nominal,full,6,0,True,True,28.0,28.0,28.499999999995083,,0,0,0,9.680262585253526e-06,False,3.3.3,3.11.14
T02,104,nominal,serial,6,0,True,True,40.0,40.0,40.50000000000353,,0,0,0,9.679843796949203e-06,False,3.3.3,3.11.14
T02,104,pose_bias,full,6,0,True,True,28.0,28.0,28.499999999995083,,0,0,0,9.96407932023227e-06,False,3.3.3,3.11.14
T03,100,fast,full,4,0,True,True,6.0,6.0,6.499999999999506,,0,0,0,9.962788152202215e-06,False,3.3.3,3.11.14
T03,100,heavy,full,4,0,True,True,12.0,12.0,12.500000000000844,,0,0,0,9.998471542195625e-06,False,3.3.3,3.11.14
T03,100,low_friction,full,4,0,True,False,12.0,,6.501999999999506,6.0,0,0,0,9.720249110970184e-06,False,3.3.3,3.11.14
T03,100,nominal,full,4,0,True,True,12.0,12.0,12.500000000000844,,0,0,0,9.568711149067786e-06,True,3.3.3,3.11.14
T03,100,nominal,serial,4,0,True,True,24.0,24.0,24.4999999999973,,0,0,0,9.915433317218047e-06,True,3.3.3,3.11.14
T03,100,pose_bias,full,4,0,True,True,12.0,12.0,12.500000000000844,,0,0,0,9.686470566118037e-06,False,3.3.3,3.11.14
T03,101,fast,full,4,0,True,True,6.0,6.0,6.499999999999506,,0,0,0,9.997564455639458e-06,False,3.3.3,3.11.14
T03,101,heavy,full,4,0,True,True,12.0,12.0,12.500000000000844,,0,0,0,9.425179995398264e-06,False,3.3.3,3.11.14
T03,101,low_friction,full,4,0,True,False,12.0,,6.501999999999506,6.0,0,0,0,9.953452359851547e-06,False,3.3.3,3.11.14
T03,101,nominal,full,4,0,True,True,12.0,12.0,12.500000000000844,,0,0,0,9.45409741618986e-06,False,3.3.3,3.11.14
T03,101,nominal,serial,4,0,True,True,24.0,24.0,24.4999999999973,,0,0,0,9.952770985424572e-06,False,3.3.3,3.11.14
T03,101,pose_bias,full,4,0,True,False,12.0,,12.500000000000844,12.0,0,0,0,9.274253773552905e-06,False,3.3.3,3.11.14
T03,102,fast,full,4,0,True,True,6.0,6.0,6.499999999999506,,0,0,0,9.961471129297799e-06,False,3.3.3,3.11.14
T03,102,heavy,full,4,0,True,True,12.0,12.0,12.500000000000844,,0,0,0,9.795112987823226e-06,False,3.3.3,3.11.14
T03,102,low_friction,full,4,0,True,False,12.0,,6.501999999999506,6.0,0,0,0,9.620837010948313e-06,False,3.3.3,3.11.14
T03,102,nominal,full,4,0,True,True,12.0,12.0,12.500000000000844,,0,0,0,9.911863881982465e-06,False,3.3.3,3.11.14
T03,102,nominal,serial,4,0,True,True,24.0,24.0,24.4999999999973,,0,0,0,9.956621478052856e-06,False,3.3.3,3.11.14
T03,102,pose_bias,full,4,0,True,True,12.0,12.0,12.500000000000844,,0,0,0,9.809023122878212e-06,False,3.3.3,3.11.14
T03,103,fast,full,4,0,True,True,6.0,6.0,6.499999999999506,,0,0,0,9.965307056532028e-06,False,3.3.3,3.11.14
T03,103,heavy,full,4,0,True,True,12.0,12.0,12.500000000000844,,0,0,0,9.971209954674636e-06,False,3.3.3,3.11.14
T03,103,low_friction,full,4,0,True,False,12.0,,6.501999999999506,6.0,0,0,0,9.506366909941886e-06,False,3.3.3,3.11.14
T03,103,nominal,full,4,0,True,True,12.0,12.0,12.500000000000844,,0,0,0,9.901756352191068e-06,False,3.3.3,3.11.14
T03,103,nominal,serial,4,0,True,True,24.0,24.0,24.4999999999973,,0,0,0,9.974330556235409e-06,False,3.3.3,3.11.14
T03,103,pose_bias,full,4,0,True,True,12.0,12.0,12.500000000000844,,0,0,0,9.798208603445849e-06,False,3.3.3,3.11.14
T03,104,fast,full,4,0,True,True,6.0,6.0,6.499999999999506,,0,0,0,9.961654274159228e-06,False,3.3.3,3.11.14
T03,104,heavy,full,4,0,True,True,12.0,12.0,12.500000000000844,,0,0,0,9.703899159038723e-06,False,3.3.3,3.11.14
T03,104,low_friction,full,4,0,True,False,12.0,,6.501999999999506,6.0,0,0,0,9.754599475486284e-06,False,3.3.3,3.11.14
T03,104,nominal,full,4,0,True,True,12.0,12.0,12.500000000000844,,0,0,0,9.583549047645171e-06,False,3.3.3,3.11.14
T03,104,nominal,serial,4,0,True,True,24.0,24.0,24.4999999999973,,0,0,0,9.97684066688991e-06,False,3.3.3,3.11.14
T03,104,pose_bias,full,4,0,True,True,12.0,12.0,12.500000000000844,,0,0,0,9.96407932023227e-06,False,3.3.3,3.11.14
T04,100,fast,full,8,0,True,False,22.0,,22.49999999999841,22.0,0,0,0,9.959901159799146e-06,False,3.3.3,3.11.14
T04,100,heavy,full,8,0,True,True,44.0,44.0,44.50000000000842,,0,0,0,9.94105393003745e-06,False,3.3.3,3.11.14
T04,100,low_friction,full,8,0,True,False,44.0,,6.501999999999506,6.0,0,0,0,9.720249110970184e-06,False,3.3.3,3.11.14
T04,100,nominal,full,8,0,True,True,44.0,44.0,44.50000000000842,,0,0,0,9.88482633280574e-06,True,3.3.3,3.11.14
T04,100,nominal,serial,8,0,True,True,56.0,56.0,56.500000000023086,,0,0,0,9.969768656327389e-06,True,3.3.3,3.11.14
T04,100,pose_bias,full,8,0,True,True,44.0,44.0,44.50000000000842,,0,0,0,9.944660104862071e-06,False,3.3.3,3.11.14
T04,101,fast,full,8,0,True,True,22.0,22.0,22.49999999999841,,0,0,0,9.9644731708063e-06,False,3.3.3,3.11.14
T04,101,heavy,full,8,0,True,True,44.0,44.0,44.50000000000842,,0,0,0,9.973515492539267e-06,False,3.3.3,3.11.14
T04,101,low_friction,full,8,0,True,False,44.0,,6.501999999999506,6.0,0,0,0,9.953452359851547e-06,False,3.3.3,3.11.14
T04,101,nominal,full,8,0,True,True,44.0,44.0,44.50000000000842,,0,0,0,9.79139431489664e-06,False,3.3.3,3.11.14
T04,101,nominal,serial,8,0,True,True,56.0,56.0,56.500000000023086,,0,0,0,9.961862664023727e-06,False,3.3.3,3.11.14
T04,101,pose_bias,full,8,0,True,True,44.0,44.0,44.50000000000842,,0,0,0,9.871073943294082e-06,False,3.3.3,3.11.14
T04,102,fast,full,8,0,True,True,22.0,22.0,22.49999999999841,,0,0,0,9.963753213039021e-06,False,3.3.3,3.11.14
T04,102,heavy,full,8,0,True,True,44.0,44.0,44.50000000000842,,0,0,0,9.951096960216696e-06,False,3.3.3,3.11.14
T04,102,low_friction,full,8,0,True,False,44.0,,6.501999999999506,6.0,0,0,0,9.620837010948313e-06,False,3.3.3,3.11.14
T04,102,nominal,full,8,0,True,True,44.0,44.0,44.50000000000842,,0,0,0,9.875380425465936e-06,False,3.3.3,3.11.14
T04,102,nominal,serial,8,0,True,True,56.0,56.0,56.500000000023086,,0,0,0,9.828985610837321e-06,False,3.3.3,3.11.14
T04,102,pose_bias,full,8,0,True,False,44.0,,44.50000000000842,44.0,0,0,0,9.794524241486454e-06,False,3.3.3,3.11.14
T04,103,fast,full,8,0,True,True,22.0,22.0,22.49999999999841,,0,0,0,9.960131937877e-06,False,3.3.3,3.11.14
T04,103,heavy,full,8,0,True,True,44.0,44.0,44.50000000000842,,0,0,0,9.883383166076414e-06,False,3.3.3,3.11.14
T04,103,low_friction,full,8,0,True,False,44.0,,6.501999999999506,6.0,0,0,0,9.506366909941886e-06,False,3.3.3,3.11.14
T04,103,nominal,full,8,0,True,True,44.0,44.0,44.50000000000842,,0,0,0,9.996501430289298e-06,False,3.3.3,3.11.14
T04,103,nominal,serial,8,0,True,True,56.0,56.0,56.500000000023086,,0,0,0,9.992806349530441e-06,False,3.3.3,3.11.14
T04,103,pose_bias,full,8,0,True,True,44.0,44.0,44.50000000000842,,0,0,0,9.876093144122459e-06,False,3.3.3,3.11.14
T04,104,fast,full,8,0,True,True,22.0,22.0,22.49999999999841,,0,0,0,9.978507636865769e-06,False,3.3.3,3.11.14
T04,104,heavy,full,8,0,True,True,44.0,44.0,44.50000000000842,,0,0,0,9.935253952591351e-06,False,3.3.3,3.11.14
T04,104,low_friction,full,8,0,True,False,44.0,,6.501999999999506,6.0,0,0,0,9.754599475486284e-06,False,3.3.3,3.11.14
T04,104,nominal,full,8,0,True,True,44.0,44.0,44.50000000000842,,0,0,0,9.806845398026271e-06,False,3.3.3,3.11.14
T04,104,nominal,serial,8,0,True,True,56.0,56.0,56.500000000023086,,0,0,0,9.895984555930721e-06,False,3.3.3,3.11.14
T04,104,pose_bias,full,8,0,True,True,44.0,44.0,44.50000000000842,,0,0,0,9.96407932023227e-06,False,3.3.3,3.11.14
T05,100,fast,full,5,1,True,True,8.5,8.5,8.999999999999675,,0,0,0,9.849446804850154e-06,False,3.3.3,3.11.14
T05,100,heavy,full,5,1,True,True,17.0,17.0,17.50000000000118,,0,0,0,9.995414051912448e-06,False,3.3.3,3.11.14
T05,100,low_friction,full,5,1,True,False,17.0,,15.502000000001846,15.0,0,0,0,9.919050870619023e-06,False,3.3.3,3.11.14
T05,100,nominal,full,5,1,True,True,17.0,17.0,17.50000000000118,,0,0,0,9.986314519578544e-06,True,3.3.3,3.11.14
T05,100,nominal,serial,5,1,True,True,22.0,22.0,22.49999999999841,,0,0,0,9.986301527309388e-06,True,3.3.3,3.11.14
T05,100,pose_bias,full,5,1,True,True,17.0,17.0,17.50000000000118,,0,0,0,9.999603679747487e-06,False,3.3.3,3.11.14
T05,101,fast,full,5,1,True,True,8.5,8.5,8.999999999999675,,0,0,0,9.840775366875972e-06,False,3.3.3,3.11.14
T05,101,heavy,full,5,1,True,True,17.0,17.0,17.50000000000118,,0,0,0,9.865894444771632e-06,False,3.3.3,3.11.14
T05,101,low_friction,full,5,1,True,False,17.0,,15.502000000001846,15.0,0,0,0,9.76819449054257e-06,False,3.3.3,3.11.14
T05,101,nominal,full,5,1,True,True,17.0,17.0,17.50000000000118,,0,0,0,9.657447730427055e-06,False,3.3.3,3.11.14
T05,101,nominal,serial,5,1,True,True,22.0,22.0,22.49999999999841,,0,0,0,9.819235870925602e-06,False,3.3.3,3.11.14
T05,101,pose_bias,full,5,1,True,True,17.0,17.0,17.50000000000118,,0,0,0,9.951656466546592e-06,False,3.3.3,3.11.14
T05,102,fast,full,5,1,True,True,8.5,8.5,8.999999999999675,,0,0,0,9.612459485177891e-06,False,3.3.3,3.11.14
T05,102,heavy,full,5,1,True,True,17.0,17.0,17.50000000000118,,0,0,0,9.750416224856439e-06,False,3.3.3,3.11.14
T05,102,low_friction,full,5,1,True,False,17.0,,15.502000000001846,15.0,0,0,0,9.773042797321591e-06,False,3.3.3,3.11.14
T05,102,nominal,full,5,1,True,True,17.0,17.0,17.50000000000118,,0,0,0,9.65261617140805e-06,False,3.3.3,3.11.14
T05,102,nominal,serial,5,1,True,True,22.0,22.0,22.49999999999841,,0,0,0,9.834588767238027e-06,False,3.3.3,3.11.14
T05,102,pose_bias,full,5,1,True,True,17.0,17.0,17.50000000000118,,0,0,0,9.658469074677966e-06,False,3.3.3,3.11.14
T05,103,fast,full,5,1,True,True,8.5,8.5,8.999999999999675,,0,0,0,9.909205144174058e-06,False,3.3.3,3.11.14
T05,103,heavy,full,5,1,True,True,17.0,17.0,17.50000000000118,,0,0,0,9.956997165211076e-06,False,3.3.3,3.11.14
T05,103,low_friction,full,5,1,True,False,17.0,,15.502000000001846,15.0,0,0,0,9.839493538362976e-06,False,3.3.3,3.11.14
T05,103,nominal,full,5,1,True,True,17.0,17.0,17.50000000000118,,0,0,0,9.948260823236885e-06,False,3.3.3,3.11.14
T05,103,nominal,serial,5,1,True,True,22.0,22.0,22.49999999999841,,0,0,0,9.948152272253927e-06,False,3.3.3,3.11.14
T05,103,pose_bias,full,5,1,True,True,17.0,17.0,17.50000000000118,,0,0,0,9.990204902786486e-06,False,3.3.3,3.11.14
T05,104,fast,full,5,1,True,True,8.5,8.5,8.999999999999675,,0,0,0,9.548218478504269e-06,False,3.3.3,3.11.14
T05,104,heavy,full,5,1,True,True,17.0,17.0,17.50000000000118,,0,0,0,9.903356025179949e-06,False,3.3.3,3.11.14
T05,104,low_friction,full,5,1,True,False,17.0,,15.502000000001846,15.0,0,0,0,9.766701931959083e-06,False,3.3.3,3.11.14
T05,104,nominal,full,5,1,True,True,17.0,17.0,17.50000000000118,,0,0,0,9.825814205635154e-06,False,3.3.3,3.11.14
T05,104,nominal,serial,5,1,True,True,22.0,22.0,22.49999999999841,,0,0,0,9.913585386750946e-06,False,3.3.3,3.11.14
T05,104,pose_bias,full,5,1,True,True,17.0,17.0,17.50000000000118,,0,0,0,9.854511155269649e-06,False,3.3.3,3.11.14
T06,100,fast,full,6,2,True,True,14.5,14.5,15.000000000001679,,0,0,0,9.993076051128752e-06,False,3.3.3,3.11.14
T06,100,heavy,full,6,2,True,True,29.0,29.0,29.49999999999453,,0,0,0,9.804351623710352e-06,False,3.3.3,3.11.14
T06,100,low_friction,full,6,2,True,False,29.0,,15.502000000001846,15.0,0,0,0,9.822159659861021e-06,False,3.3.3,3.11.14
T06,100,nominal,full,6,2,True,True,29.0,29.0,29.49999999999453,,0,0,0,9.937228943447548e-06,True,3.3.3,3.11.14
T06,100,nominal,serial,6,2,True,True,34.0,34.0,34.4999999999962,,0,0,0,9.952323850926366e-06,True,3.3.3,3.11.14
T06,100,pose_bias,full,6,2,True,True,29.0,29.0,29.49999999999453,,0,0,0,9.902600877415823e-06,False,3.3.3,3.11.14
T06,101,fast,full,6,2,True,True,14.5,14.5,15.000000000001679,,0,0,0,9.99197705907489e-06,False,3.3.3,3.11.14
T06,101,heavy,full,6,2,True,True,29.0,29.0,29.49999999999453,,0,0,0,9.88795410556311e-06,False,3.3.3,3.11.14
T06,101,low_friction,full,6,2,True,False,29.0,,15.502000000001846,15.0,0,0,0,9.856938277272521e-06,False,3.3.3,3.11.14
T06,101,nominal,full,6,2,True,True,29.0,29.0,29.49999999999453,,0,0,0,9.933370373913758e-06,False,3.3.3,3.11.14
T06,101,nominal,serial,6,2,True,True,34.0,34.0,34.4999999999962,,0,0,0,9.916532577520704e-06,False,3.3.3,3.11.14
T06,101,pose_bias,full,6,2,True,True,29.0,29.0,29.49999999999453,,0,0,0,9.951656466546592e-06,False,3.3.3,3.11.14
T06,102,fast,full,6,2,True,True,14.5,14.5,15.000000000001679,,0,0,0,9.99250104402556e-06,False,3.3.3,3.11.14
T06,102,heavy,full,6,2,True,True,29.0,29.0,29.49999999999453,,0,0,0,9.905560754804504e-06,False,3.3.3,3.11.14
T06,102,low_friction,full,6,2,True,False,29.0,,15.502000000001846,15.0,0,0,0,9.902041828585462e-06,False,3.3.3,3.11.14
T06,102,nominal,full,6,2,True,True,29.0,29.0,29.49999999999453,,0,0,0,9.974417365658516e-06,False,3.3.3,3.11.14
T06,102,nominal,serial,6,2,True,True,34.0,34.0,34.4999999999962,,0,0,0,9.968764810094386e-06,False,3.3.3,3.11.14
T06,102,pose_bias,full,6,2,True,True,29.0,29.0,29.49999999999453,,0,0,0,9.995253127993103e-06,False,3.3.3,3.11.14
T06,103,fast,full,6,2,True,True,14.5,14.5,15.000000000001679,,0,0,0,9.997821437674523e-06,False,3.3.3,3.11.14
T06,103,heavy,full,6,2,True,True,29.0,29.0,29.49999999999453,,0,0,0,9.989658698011744e-06,False,3.3.3,3.11.14
T06,103,low_friction,full,6,2,True,False,29.0,,15.502000000001846,15.0,0,0,0,9.82126067451203e-06,False,3.3.3,3.11.14
T06,103,nominal,full,6,2,True,True,29.0,29.0,29.49999999999453,,0,0,0,9.929537138063646e-06,False,3.3.3,3.11.14
T06,103,nominal,serial,6,2,True,True,34.0,34.0,34.4999999999962,,0,0,0,9.94065980389223e-06,False,3.3.3,3.11.14
T06,103,pose_bias,full,6,2,True,True,29.0,29.0,29.49999999999453,,0,0,0,9.97996590862362e-06,False,3.3.3,3.11.14
T06,104,fast,full,6,2,True,True,14.5,14.5,15.000000000001679,,0,0,0,9.992038146671452e-06,False,3.3.3,3.11.14
T06,104,heavy,full,6,2,True,True,29.0,29.0,29.49999999999453,,0,0,0,9.906566283730812e-06,False,3.3.3,3.11.14
T06,104,low_friction,full,6,2,True,False,29.0,,15.502000000001846,15.0,0,0,0,9.798558626072382e-06,False,3.3.3,3.11.14
T06,104,nominal,full,6,2,True,True,29.0,29.0,29.49999999999453,,0,0,0,9.943617047270977e-06,False,3.3.3,3.11.14
T06,104,nominal,serial,6,2,True,True,34.0,34.0,34.4999999999962,,0,0,0,9.984805494923984e-06,False,3.3.3,3.11.14
T06,104,pose_bias,full,6,2,True,True,29.0,29.0,29.49999999999453,,0,0,0,9.979389649673498e-06,False,3.3.3,3.11.14
T07,100,fast,full,9,1,True,True,14.5,14.5,15.000000000001679,,0,0,0,9.936568209172914e-06,False,3.3.3,3.11.14
T07,100,heavy,full,9,1,True,False,29.0,,27.501999999995636,27.0,0,0,0,9.989256780176956e-06,False,3.3.3,3.11.14
T07,100,low_friction,full,9,1,True,False,29.0,,6.501999999999506,6.0,0,0,0,9.720249110461834e-06,False,3.3.3,3.11.14
T07,100,nominal,full,9,1,True,True,29.0,29.0,29.49999999999453,,0,0,0,9.830296567879748e-06,True,3.3.3,3.11.14
T07,100,nominal,serial,9,1,True,True,46.0,46.0,46.500000000010864,,0,0,0,9.967912738379927e-06,True,3.3.3,3.11.14
T07,100,pose_bias,full,9,1,True,True,29.0,29.0,29.49999999999453,,0,0,0,9.995312864731596e-06,False,3.3.3,3.11.14
T07,101,fast,full,9,1,True,True,14.5,14.5,15.000000000001679,,0,0,0,9.79519182464489e-06,False,3.3.3,3.11.14
T07,101,heavy,full,9,1,True,False,29.0,,27.501999999995636,27.0,0,0,0,9.834770529867981e-06,False,3.3.3,3.11.14
T07,101,low_friction,full,9,1,True,False,29.0,,6.501999999999506,6.0,0,0,0,9.953452359744567e-06,False,3.3.3,3.11.14
T07,101,nominal,full,9,1,True,True,29.0,29.0,29.49999999999453,,0,0,0,9.793744685647166e-06,False,3.3.3,3.11.14
T07,101,nominal,serial,9,1,True,True,46.0,46.0,46.500000000010864,,0,0,0,9.945458467347559e-06,False,3.3.3,3.11.14
T07,101,pose_bias,full,9,1,True,False,29.0,,12.502000000000844,12.0,0,0,0,9.444014274325535e-06,False,3.3.3,3.11.14
T07,102,fast,full,9,1,True,True,14.5,14.5,15.000000000001679,,0,0,0,9.908876987594641e-06,False,3.3.3,3.11.14
T07,102,heavy,full,9,1,True,False,29.0,,27.501999999995636,27.0,0,0,0,9.836967698539736e-06,False,3.3.3,3.11.14
T07,102,low_friction,full,9,1,True,False,29.0,,6.501999999999506,6.0,0,0,0,9.620836999768413e-06,False,3.3.3,3.11.14
T07,102,nominal,full,9,1,True,True,29.0,29.0,29.49999999999453,,0,0,0,9.883421077623709e-06,False,3.3.3,3.11.14
T07,102,nominal,serial,9,1,True,True,46.0,46.0,46.500000000010864,,0,0,0,9.89341539882571e-06,False,3.3.3,3.11.14
T07,102,pose_bias,full,9,1,True,False,29.0,,29.49999999999453,,0,0,0,9.988259071313386e-06,False,3.3.3,3.11.14
T07,103,fast,full,9,1,True,True,14.5,14.5,15.000000000001679,,0,0,0,9.915403550120657e-06,False,3.3.3,3.11.14
T07,103,heavy,full,9,1,True,False,29.0,,27.501999999995636,27.0,0,0,0,9.828467765471612e-06,False,3.3.3,3.11.14
T07,103,low_friction,full,9,1,True,False,29.0,,6.501999999999506,6.0,0,0,0,9.506366910611076e-06,False,3.3.3,3.11.14
T07,103,nominal,full,9,1,True,True,29.0,29.0,29.49999999999453,,0,0,0,9.892955427930462e-06,False,3.3.3,3.11.14
T07,103,nominal,serial,9,1,True,True,46.0,46.0,46.500000000010864,,0,0,0,9.96182980368393e-06,False,3.3.3,3.11.14
T07,103,pose_bias,full,9,1,True,True,29.0,29.0,29.49999999999453,,0,0,0,9.995212697198448e-06,False,3.3.3,3.11.14
T07,104,fast,full,9,1,True,True,14.5,14.5,15.000000000001679,,0,0,0,9.989273806700083e-06,False,3.3.3,3.11.14
T07,104,heavy,full,9,1,True,False,29.0,,27.501999999995636,27.0,0,0,0,9.97750594569084e-06,False,3.3.3,3.11.14
T07,104,low_friction,full,9,1,True,False,29.0,,6.501999999999506,6.0,0,0,0,9.754599473326966e-06,False,3.3.3,3.11.14
T07,104,nominal,full,9,1,True,True,29.0,29.0,29.49999999999453,,0,0,0,9.979999663732588e-06,False,3.3.3,3.11.14
T07,104,nominal,serial,9,1,True,True,46.0,46.0,46.500000000010864,,0,0,0,9.942693548426349e-06,False,3.3.3,3.11.14
T07,104,pose_bias,full,9,1,True,True,29.0,29.0,29.49999999999453,,0,0,0,9.96407932023227e-06,False,3.3.3,3.11.14
T08,100,fast,full,9,1,True,True,14.5,14.5,15.000000000001679,,0,0,0,9.986726906603507e-06,True,3.3.3,3.11.14
T08,100,heavy,full,9,1,True,False,29.0,,15.502000000001846,15.0,0,0,0,9.920217504813839e-06,True,3.3.3,3.11.14
T08,100,low_friction,full,9,1,True,False,29.0,,15.502000000001846,15.0,0,0,0,9.91904999701056e-06,True,3.3.3,3.11.14
T08,100,nominal,full,9,1,True,True,29.0,29.0,29.49999999999453,,0,0,0,9.989092623417896e-06,True,3.3.3,3.11.14
T08,100,nominal,serial,9,1,True,True,46.0,46.0,46.500000000010864,,0,0,0,9.989014361976701e-06,True,3.3.3,3.11.14
T08,100,pose_bias,full,9,1,True,True,29.0,29.0,29.49999999999453,,0,0,0,9.847102899006777e-06,True,3.3.3,3.11.14
T08,101,fast,full,9,1,True,True,14.5,14.5,15.000000000001679,,0,0,0,9.994977484995387e-06,False,3.3.3,3.11.14
T08,101,heavy,full,9,1,True,False,29.0,,15.502000000001846,15.0,0,0,0,9.766857546175623e-06,False,3.3.3,3.11.14
T08,101,low_friction,full,9,1,True,False,29.0,,15.502000000001846,15.0,0,0,0,9.768191632333964e-06,False,3.3.3,3.11.14
T08,101,nominal,full,9,1,True,True,29.0,29.0,29.49999999999453,,0,0,0,9.93208157339761e-06,False,3.3.3,3.11.14
T08,101,nominal,serial,9,1,True,True,46.0,46.0,46.500000000010864,,0,0,0,9.997554146181381e-06,False,3.3.3,3.11.14
T08,101,pose_bias,full,9,1,True,True,29.0,29.0,29.49999999999453,,0,0,0,9.951656466546592e-06,False,3.3.3,3.11.14
T08,102,fast,full,9,1,True,True,14.5,14.5,15.000000000001679,,0,0,0,9.99399579704702e-06,False,3.3.3,3.11.14
T08,102,heavy,full,9,1,True,False,29.0,,15.502000000001846,15.0,0,0,0,9.771802538591741e-06,False,3.3.3,3.11.14
T08,102,low_friction,full,9,1,True,False,29.0,,15.502000000001846,15.0,0,0,0,9.77304142187426e-06,False,3.3.3,3.11.14
T08,102,nominal,full,9,1,True,True,29.0,29.0,29.49999999999453,,0,0,0,9.89790868648317e-06,False,3.3.3,3.11.14
T08,102,nominal,serial,9,1,True,True,46.0,46.0,46.500000000010864,,0,0,0,9.993667587657314e-06,False,3.3.3,3.11.14
T08,102,pose_bias,full,9,1,True,True,29.0,29.0,29.49999999999453,,0,0,0,9.948164031546559e-06,False,3.3.3,3.11.14
T08,103,fast,full,9,1,True,True,14.5,14.5,15.000000000001679,,0,0,0,9.99238919329421e-06,False,3.3.3,3.11.14
T08,103,heavy,full,9,1,True,False,29.0,,15.502000000001846,15.0,0,0,0,9.840635136867091e-06,False,3.3.3,3.11.14
T08,103,low_friction,full,9,1,True,False,29.0,,15.502000000001846,15.0,0,0,0,9.839498130830628e-06,False,3.3.3,3.11.14
T08,103,nominal,full,9,1,True,True,29.0,29.0,29.49999999999453,,0,0,0,9.950595271417954e-06,False,3.3.3,3.11.14
T08,103,nominal,serial,9,1,True,True,46.0,46.0,46.500000000010864,,0,0,0,9.997152350120185e-06,False,3.3.3,3.11.14
T08,103,pose_bias,full,9,1,True,True,29.0,29.0,29.49999999999453,,0,0,0,9.992894961902686e-06,False,3.3.3,3.11.14
T08,104,fast,full,9,1,True,True,14.5,14.5,15.000000000001679,,0,0,0,9.995659629654328e-06,False,3.3.3,3.11.14
T08,104,heavy,full,9,1,True,False,29.0,,15.502000000001846,15.0,0,0,0,9.765381904685878e-06,False,3.3.3,3.11.14
T08,104,low_friction,full,9,1,True,False,29.0,,15.502000000001846,15.0,0,0,0,9.766702478952953e-06,False,3.3.3,3.11.14
T08,104,nominal,full,9,1,True,True,29.0,29.0,29.49999999999453,,0,0,0,9.921950021838961e-06,False,3.3.3,3.11.14
T08,104,nominal,serial,9,1,True,True,46.0,46.0,46.500000000010864,,0,0,0,9.999474442628366e-06,False,3.3.3,3.11.14
T08,104,pose_bias,full,9,1,True,True,29.0,29.0,29.49999999999453,,0,0,0,9.969887398790063e-06,False,3.3.3,3.11.14
