task,condition,success,n
T01,nominal,5,5
T01,heavy,5,5
T01,low_friction,0,5
T01,pose_bias,4,5
T01,fast,5,5
T02,nominal,5,5
T02,heavy,5,5
T02,low_friction,0,5
T02,pose_bias,5,5
T02,fast,5,5
T03,nominal,5,5
T03,heavy,5,5
T03,low_friction,0,5
T03,pose_bias,4,5
T03,fast,5,5
T04,nominal,5,5
T04,heavy,5,5
T04,low_friction,0,5
T04,pose_bias,4,5
T04,fast,4,5
T05,nominal,5,5
T05,heavy,5,5
T05,low_friction,0,5
T05,pose_bias,5,5
T05,fast,5,5
T06,nominal,5,5
T06,heavy,5,5
T06,low_friction,0,5
T06,pose_bias,5,5
T06,fast,5,5
T07,nominal,5,5
T07,heavy,0,5
T07,low_friction,0,5
T07,pose_bias,3,5
T07,fast,5,5
T08,nominal,5,5
T08,heavy,0,5
T08,low_friction,0,5
T08,pose_bias,5,5
T08,fast,5,5
