id,group,method,accepted,edge_f1,makespan,speedup,net_added,net_removed
pour_drink_001,controlled160,audit_only,False,0.9333333333333333,,,0,0
pour_drink_001,controlled160,field_match,True,1.0,14.3,1.1195804195804195,1,0
pour_drink_001,controlled160,field_match_compressed,True,1.0,12.49,1.2818254603682948,1,3
pour_drink_001,controlled160,full,True,1.0,12.49,1.2818254603682948,1,3
pack_box_002,controlled160,audit_only,False,0.875,,,0,0
pack_box_002,controlled160,field_match,True,0.9411764705882353,6.97,1.5552367288378766,2,1
pack_box_002,controlled160,field_match_compressed,True,0.9411764705882353,6.97,1.5552367288378766,2,4
pack_box_002,controlled160,full,True,0.9411764705882353,6.97,1.5552367288378766,2,4
assemble_bracket_003,controlled160,audit_only,False,0.9230769230769231,,,0,0
assemble_bracket_003,controlled160,field_match,True,1.0,14.14,1.1124469589816124,1,0
assemble_bracket_003,controlled160,field_match_compressed,True,1.0,13.89,1.1324694024478041,1,3
assemble_bracket_003,controlled160,full,True,1.0,13.89,1.1324694024478041,1,3
sort_tray_004,controlled160,audit_only,False,0.8421052631578947,,,0,0
sort_tray_004,controlled160,field_match,True,1.0,12.580000000000002,0.9999999999999999,3,0
sort_tray_004,controlled160,field_match_compressed,True,1.0,10.56,1.1912878787878787,3,2
sort_tray_004,controlled160,full,True,0.9090909090909091,12.579999999999998,1.0000000000000002,3,2
pour_drink_005,controlled160,audit_only,True,1.0,16.0,1.084375,0,0
pour_drink_005,controlled160,field_match,True,1.0,16.0,1.084375,0,0
pour_drink_005,controlled160,field_match_compressed,True,1.0,13.799999999999999,1.2572463768115945,0,3
pour_drink_005,controlled160,full,True,1.0,13.799999999999999,1.2572463768115945,0,3
pack_box_006,controlled160,audit_only,False,0.875,,,0,0
pack_box_006,controlled160,field_match,True,0.9411764705882353,7.9399999999999995,1.4534005037783377,2,1
pack_box_006,controlled160,field_match_compressed,True,0.9411764705882353,7.9399999999999995,1.4534005037783377,2,4
pack_box_006,controlled160,full,True,0.9411764705882353,7.9399999999999995,1.4534005037783377,2,4
assemble_bracket_007,controlled160,audit_only,False,0.9230769230769231,,,0,0
assemble_bracket_007,controlled160,field_match,True,1.0,16.509999999999998,1.0950938824954572,1,0
assemble_bracket_007,controlled160,field_match_compressed,True,1.0,16.049999999999997,1.1264797507788162,1,3
assemble_bracket_007,controlled160,full,True,1.0,16.049999999999997,1.1264797507788162,1,3
sort_tray_008,controlled160,audit_only,False,0.7777777777777778,,,0,0
sort_tray_008,controlled160,field_match,True,1.0,11.170000000000002,0.9999999999999999,4,0
sort_tray_008,controlled160,field_match_compressed,True,1.0,9.41,1.1870350690754516,4,2
sort_tray_008,controlled160,full,True,0.9090909090909091,11.170000000000002,0.9999999999999999,4,2
pour_drink_009,controlled160,audit_only,False,0.5454545454545454,,,0,0
pour_drink_009,controlled160,field_match,True,1.0,13.739999999999998,1.1077147016011646,5,0
pour_drink_009,controlled160,field_match_compressed,True,1.0,11.98,1.2704507512520868,5,3
pour_drink_009,controlled160,full,True,1.0,11.98,1.2704507512520868,5,3
pack_box_010,controlled160,audit_only,False,0.9411764705882353,,,0,0
pack_box_010,controlled160,field_match,True,0.9411764705882353,7.3500000000000005,1.4448979591836735,1,1
pack_box_010,controlled160,field_match_compressed,True,0.9411764705882353,7.3500000000000005,1.4448979591836735,1,4
pack_box_010,controlled160,full,True,0.9411764705882353,7.3500000000000005,1.4448979591836735,1,4
assemble_bracket_011,controlled160,audit_only,False,0.9230769230769231,,,0,0
assemble_bracket_011,controlled160,field_match,True,1.0,15.659999999999998,1.1053639846743295,1,0
assemble_bracket_011,controlled160,field_match_compressed,True,1.0,15.4,1.124025974025974,1,3
assemble_bracket_011,controlled160,full,True,1.0,15.4,1.124025974025974,1,3
sort_tray_012,controlled160,audit_only,False,0.8421052631578947,,,0,0
sort_tray_012,controlled160,field_match,True,1.0,11.599999999999998,1.0000000000000002,3,0
sort_tray_012,controlled160,field_match_compressed,True,1.0,9.559999999999999,1.2133891213389123,3,2
sort_tray_012,controlled160,full,True,1.0,9.559999999999999,1.2133891213389123,3,2
pour_drink_013,controlled160,audit_only,False,0.6666666666666666,,,0,0
pour_drink_013,controlled160,field_match,True,1.0,14.760000000000002,1.117208672086721,4,0
pour_drink_013,controlled160,field_match_compressed,True,1.0,13.030000000000001,1.2655410590943976,4,3
pour_drink_013,controlled160,full,True,1.0,13.030000000000001,1.2655410590943976,4,3
pack_box_014,controlled160,audit_only,True,0.9411764705882353,8.01,1.529338327091136,0,0
pack_box_014,controlled160,field_match,True,0.9411764705882353,8.01,1.529338327091136,0,0
pack_box_014,controlled160,field_match_compressed,True,0.9411764705882353,8.01,1.529338327091136,0,3
pack_box_014,controlled160,full,True,0.9411764705882353,8.01,1.529338327091136,0,3
assemble_bracket_015,controlled160,audit_only,True,1.0,15.490000000000002,1.0948999354422206,0,0
assemble_bracket_015,controlled160,field_match,True,1.0,15.490000000000002,1.0948999354422206,0,0
assemble_bracket_015,controlled160,field_match_compressed,True,1.0,14.780000000000001,1.1474966170500676,0,3
assemble_bracket_015,controlled160,full,True,1.0,14.780000000000001,1.1474966170500676,0,3
sort_tray_016,controlled160,audit_only,False,0.8421052631578947,,,0,0
sort_tray_016,controlled160,field_match,True,1.0,11.44,1.0,3,0
sort_tray_016,controlled160,field_match_compressed,True,1.0,9.879999999999999,1.1578947368421053,3,2
sort_tray_016,controlled160,full,True,1.0,9.879999999999999,1.1578947368421053,3,2
pour_drink_017,controlled160,audit_only,True,1.0,13.149999999999999,1.1209125475285173,0,0
pour_drink_017,controlled160,field_match,True,1.0,13.149999999999999,1.1209125475285173,0,0
pour_drink_017,controlled160,field_match_compressed,True,1.0,11.46,1.2862129144851657,0,3
pour_drink_017,controlled160,full,True,1.0,11.46,1.2862129144851657,0,3
pack_box_018,controlled160,audit_only,False,0.9411764705882353,,,0,0
pack_box_018,controlled160,field_match,True,0.9411764705882353,7.76,1.4085051546391754,1,1
pack_box_018,controlled160,field_match_compressed,True,0.9411764705882353,7.76,1.4085051546391754,1,4
pack_box_018,controlled160,full,True,0.9411764705882353,7.76,1.4085051546391754,1,4
assemble_bracket_019,controlled160,audit_only,False,0.9230769230769231,,,0,0
assemble_bracket_019,controlled160,field_match,True,1.0,14.17,1.0896259703599154,1,0
assemble_bracket_019,controlled160,field_match_compressed,True,1.0,13.74,1.12372634643377,1,3
assemble_bracket_019,controlled160,full,True,1.0,13.74,1.12372634643377,1,3
sort_tray_020,controlled160,audit_only,False,0.9,,,0,0
sort_tray_020,controlled160,field_match,True,1.0,11.23,1.0,2,0
sort_tray_020,controlled160,field_match_compressed,True,1.0,9.55,1.175916230366492,2,2
sort_tray_020,controlled160,full,True,1.0,9.55,1.175916230366492,2,2
pour_drink_021,controlled160,audit_only,False,0.8571428571428571,,,0,0
pour_drink_021,controlled160,field_match,True,1.0,14.13,1.113234253361642,2,0
pour_drink_021,controlled160,field_match_compressed,True,1.0,11.75,1.338723404255319,2,3
pour_drink_021,controlled160,full,True,1.0,11.75,1.338723404255319,2,3
pack_box_022,controlled160,audit_only,False,0.875,,,0,0
pack_box_022,controlled160,field_match,True,0.9411764705882353,8.41,1.4756242568370987,2,1
pack_box_022,controlled160,field_match_compressed,True,0.9411764705882353,8.41,1.4756242568370987,2,4
pack_box_022,controlled160,full,True,0.9411764705882353,8.41,1.4756242568370987,2,4
assemble_bracket_023,controlled160,audit_only,False,0.9230769230769231,,,0,0
assemble_bracket_023,controlled160,field_match,True,1.0,14.040000000000001,1.0940170940170941,1,0
assemble_bracket_023,controlled160,field_match_compressed,True,1.0,13.5,1.1377777777777778,1,3
assemble_bracket_023,controlled160,full,True,1.0,13.5,1.1377777777777778,1,3
sort_tray_024,controlled160,audit_only,False,0.9523809523809523,,,0,0
sort_tray_024,controlled160,field_match,True,1.0,11.0,1.0,1,0
sort_tray_024,controlled160,field_match_compressed,True,1.0,9.5,1.1578947368421053,1,2
sort_tray_024,controlled160,full,True,1.0,9.5,1.1578947368421053,1,2
pour_drink_025,controlled160,audit_only,True,1.0,14.68,1.0892370572207084,0,0
pour_drink_025,controlled160,field_match,True,1.0,14.68,1.0892370572207084,0,0
pour_drink_025,controlled160,field_match_compressed,True,1.0,12.68,1.2610410094637226,0,3
pour_drink_025,controlled160,full,True,1.0,12.68,1.2610410094637226,0,3
pack_box_026,controlled160,audit_only,False,0.9411764705882353,,,0,0
pack_box_026,controlled160,field_match,True,0.9411764705882353,7.0600000000000005,1.563739376770538,1,1
pack_box_026,controlled160,field_match_compressed,True,0.9411764705882353,7.0600000000000005,1.563739376770538,1,4
pack_box_026,controlled160,full,True,0.9411764705882353,7.0600000000000005,1.563739376770538,1,4
assemble_bracket_027,controlled160,audit_only,False,0.8333333333333334,,,0,0
assemble_bracket_027,controlled160,field_match,True,1.0,13.93,1.092605886575736,2,0
assemble_bracket_027,controlled160,field_match_compressed,True,1.0,12.959999999999999,1.174382716049383,2,3
assemble_bracket_027,controlled160,full,True,1.0,12.959999999999999,1.174382716049383,2,3
sort_tray_028,controlled160,audit_only,False,0.9,,,0,0
sort_tray_028,controlled160,field_match,True,1.0,11.559999999999999,1.0000000000000002,2,0
sort_tray_028,controlled160,field_match_compressed,True,1.0,9.41,1.228480340063762,2,2
sort_tray_028,controlled160,full,True,1.0,9.41,1.228480340063762,2,2
pour_drink_029,controlled160,audit_only,True,1.0,15.129999999999999,1.0918704560475876,0,0
pour_drink_029,controlled160,field_match,True,1.0,15.129999999999999,1.0918704560475876,0,0
pour_drink_029,controlled160,field_match_compressed,True,1.0,13.100000000000001,1.2610687022900762,0,3
pour_drink_029,controlled160,full,True,1.0,13.100000000000001,1.2610687022900762,0,3
pack_box_030,controlled160,audit_only,False,0.9411764705882353,,,0,0
pack_box_030,controlled160,field_match,True,0.9411764705882353,7.67,1.4224250325945242,1,1
pack_box_030,controlled160,field_match_compressed,True,0.9411764705882353,7.67,1.4224250325945242,1,4
pack_box_030,controlled160,full,True,0.9411764705882353,7.67,1.4224250325945242,1,4
assemble_bracket_031,controlled160,audit_only,False,0.9230769230769231,,,0,0
assemble_bracket_031,controlled160,field_match,True,1.0,15.14,1.1036988110964332,1,0
assemble_bracket_031,controlled160,field_match_compressed,True,1.0,14.809999999999999,1.1282916948008104,1,3
assemble_bracket_031,controlled160,full,True,1.0,14.809999999999999,1.1282916948008104,1,3
sort_tray_032,controlled160,audit_only,False,0.9,,,0,0
sort_tray_032,controlled160,field_match,True,1.0,12.41,1.0,2,0
sort_tray_032,controlled160,field_match_compressed,True,1.0,10.649999999999999,1.1652582159624414,2,2
sort_tray_032,controlled160,full,True,1.0,10.649999999999999,1.1652582159624414,2,2
pour_drink_033,controlled160,audit_only,False,0.9333333333333333,,,0,0
pour_drink_033,controlled160,field_match,True,1.0,15.489999999999998,1.0819883795997418,1,0
pour_drink_033,controlled160,field_match_compressed,True,1.0,13.39,1.2516803584764749,1,3
pour_drink_033,controlled160,full,True,1.0,13.39,1.2516803584764749,1,3
pack_box_034,controlled160,audit_only,False,0.9411764705882353,,,0,0
pack_box_034,controlled160,field_match,True,0.9411764705882353,8.23,1.413122721749696,1,1
pack_box_034,controlled160,field_match_compressed,True,0.9411764705882353,8.23,1.413122721749696,1,4
pack_box_034,controlled160,full,True,0.9411764705882353,8.23,1.413122721749696,1,4
assemble_bracket_035,controlled160,audit_only,False,0.8333333333333334,,,0,0
assemble_bracket_035,controlled160,field_match,True,1.0,14.68,1.0994550408719346,2,0
assemble_bracket_035,controlled160,field_match_compressed,True,1.0,14.5,1.1131034482758622,2,3
assemble_bracket_035,controlled160,full,True,1.0,14.5,1.1131034482758622,2,3
sort_tray_036,controlled160,audit_only,False,0.9523809523809523,,,0,0
sort_tray_036,controlled160,field_match,True,1.0,12.73,1.0,1,0
sort_tray_036,controlled160,field_match_compressed,True,1.0,10.84,1.1743542435424354,1,2
sort_tray_036,controlled160,full,True,1.0,10.84,1.1743542435424354,1,2
pour_drink_037,controlled160,audit_only,False,0.9333333333333333,,,0,0
pour_drink_037,controlled160,field_match,True,1.0,15.43,1.082307193778354,1,0
pour_drink_037,controlled160,field_match_compressed,True,1.0,13.26,1.2594268476621417,1,3
pour_drink_037,controlled160,full,True,1.0,13.26,1.2594268476621417,1,3
pack_box_038,controlled160,audit_only,False,0.875,,,0,0
pack_box_038,controlled160,field_match,True,0.9411764705882353,7.33,1.4679399727148703,2,1
pack_box_038,controlled160,field_match_compressed,True,0.9411764705882353,7.33,1.4679399727148703,2,4
pack_box_038,controlled160,full,True,0.9411764705882353,7.33,1.4679399727148703,2,4
assemble_bracket_039,controlled160,audit_only,False,0.9230769230769231,,,0,0
assemble_bracket_039,controlled160,field_match,True,1.0,15.52,1.1056701030927836,1,0
assemble_bracket_039,controlled160,field_match_compressed,True,1.0,15.35,1.1179153094462542,1,3
assemble_bracket_039,controlled160,full,True,1.0,15.35,1.1179153094462542,1,3
sort_tray_040,controlled160,audit_only,False,0.9523809523809523,,,0,0
sort_tray_040,controlled160,field_match,True,1.0,11.9,1.0,1,0
sort_tray_040,controlled160,field_match_compressed,True,1.0,10.11,1.1770524233432247,1,2
sort_tray_040,controlled160,full,True,1.0,10.11,1.1770524233432247,1,2
pour_drink_041,controlled160,audit_only,False,0.9333333333333333,,,0,0
pour_drink_041,controlled160,field_match,True,1.0,14.810000000000002,1.089128966914247,1,0
pour_drink_041,controlled160,field_match_compressed,True,1.0,12.840000000000002,1.2562305295950154,1,3
pour_drink_041,controlled160,full,True,1.0,12.840000000000002,1.2562305295950154,1,3
pack_box_042,controlled160,audit_only,False,0.8,,,0,0
pack_box_042,controlled160,field_match,True,0.9411764705882353,7.65,1.4104575163398692,2,0
pack_box_042,controlled160,field_match_compressed,True,0.9411764705882353,7.65,1.4104575163398692,2,3
pack_box_042,controlled160,full,True,0.9411764705882353,7.65,1.4104575163398692,2,3
assemble_bracket_043,controlled160,audit_only,False,0.9230769230769231,,,0,0
assemble_bracket_043,controlled160,field_match,True,1.0,15.529999999999998,1.1043142305215712,1,0
assemble_bracket_043,controlled160,field_match_compressed,True,1.0,15.08,1.1372679045092837,1,3
assemble_bracket_043,controlled160,full,True,1.0,15.08,1.1372679045092837,1,3
sort_tray_044,controlled160,audit_only,True,1.0,12.280000000000001,0.9999999999999999,0,0
sort_tray_044,controlled160,field_match,True,1.0,12.280000000000001,0.9999999999999999,0,0
sort_tray_044,controlled160,field_match_compressed,True,1.0,10.530000000000001,1.1661918328584993,0,2
sort_tray_044,controlled160,full,True,1.0,10.530000000000001,1.1661918328584993,0,2
pour_drink_045,controlled160,audit_only,True,1.0,12.95,1.1312741312741315,0,0
pour_drink_045,controlled160,field_match,True,1.0,12.95,1.1312741312741315,0,0
pour_drink_045,controlled160,field_match_compressed,True,1.0,11.330000000000002,1.2930273609885259,0,3
pour_drink_045,controlled160,full,True,1.0,11.330000000000002,1.2930273609885259,0,3
pack_box_046,controlled160,audit_only,False,0.9411764705882353,,,0,0
pack_box_046,controlled160,field_match,True,0.9411764705882353,7.99,1.4568210262828536,1,1
pack_box_046,controlled160,field_match_compressed,True,0.9411764705882353,7.99,1.4568210262828536,1,4
pack_box_046,controlled160,full,True,0.9411764705882353,7.99,1.4568210262828536,1,4
assemble_bracket_047,controlled160,audit_only,False,0.7272727272727273,,,0,0
assemble_bracket_047,controlled160,field_match,True,1.0,14.899999999999999,1.0919463087248322,3,0
assemble_bracket_047,controlled160,field_match_compressed,True,1.0,14.249999999999998,1.1417543859649124,3,3
assemble_bracket_047,controlled160,full,True,1.0,14.249999999999998,1.1417543859649124,3,3
sort_tray_048,controlled160,audit_only,False,0.9,,,0,0
sort_tray_048,controlled160,field_match,True,1.0,11.959999999999999,1.0,2,0
sort_tray_048,controlled160,field_match_compressed,True,1.0,9.86,1.2129817444219066,2,2
sort_tray_048,controlled160,full,True,1.0,9.86,1.2129817444219066,2,2
pour_drink_049,controlled160,audit_only,False,0.9333333333333333,,,0,0
pour_drink_049,controlled160,field_match,True,1.0,15.94,1.1060225846925973,1,0
pour_drink_049,controlled160,field_match_compressed,True,1.0,14.26,1.2363253856942495,1,3
pour_drink_049,controlled160,full,True,1.0,14.26,1.2363253856942495,1,3
pack_box_050,controlled160,audit_only,False,0.8,,,0,0
pack_box_050,controlled160,field_match,True,0.9411764705882353,8.32,1.4122596153846154,3,1
pack_box_050,controlled160,field_match_compressed,True,0.9411764705882353,8.32,1.4122596153846154,3,4
pack_box_050,controlled160,full,True,0.9411764705882353,8.32,1.4122596153846154,3,4
assemble_bracket_051,controlled160,audit_only,True,1.0,15.5,1.095483870967742,0,0
assemble_bracket_051,controlled160,field_match,True,1.0,15.5,1.095483870967742,0,0
assemble_bracket_051,controlled160,field_match_compressed,True,1.0,14.9,1.1395973154362415,0,3
assemble_bracket_051,controlled160,full,True,1.0,14.9,1.1395973154362415,0,3
sort_tray_052,controlled160,audit_only,False,0.9,,,0,0
sort_tray_052,controlled160,field_match,True,1.0,12.170000000000002,0.9999999999999999,2,0
sort_tray_052,controlled160,field_match_compressed,True,1.0,10.370000000000001,1.1735776277724204,2,2
sort_tray_052,controlled160,full,True,1.0,10.370000000000001,1.1735776277724204,2,2
pour_drink_053,controlled160,audit_only,False,0.9333333333333333,,,0,0
pour_drink_053,controlled160,field_match,True,1.0,14.830000000000002,1.119352663519892,1,0
pour_drink_053,controlled160,field_match_compressed,True,1.0,12.900000000000002,1.2868217054263564,1,3
pour_drink_053,controlled160,full,True,1.0,12.900000000000002,1.2868217054263564,1,3
pack_box_054,controlled160,audit_only,False,0.9411764705882353,,,0,0
pack_box_054,controlled160,field_match,True,0.9411764705882353,8.010000000000002,1.4506866416978774,1,1
pack_box_054,controlled160,field_match_compressed,True,0.9411764705882353,8.010000000000002,1.4506866416978774,1,4
pack_box_054,controlled160,full,True,0.9411764705882353,8.010000000000002,1.4506866416978774,1,4
assemble_bracket_055,controlled160,audit_only,False,0.9230769230769231,,,0,0
assemble_bracket_055,controlled160,field_match,True,1.0,15.530000000000001,1.107533805537669,1,0
assemble_bracket_055,controlled160,field_match_compressed,True,1.0,14.95,1.1505016722408026,1,3
assemble_bracket_055,controlled160,full,True,1.0,14.95,1.1505016722408026,1,3
sort_tray_056,controlled160,audit_only,True,1.0,10.67,1.0,0,0
sort_tray_056,controlled160,field_match,True,1.0,10.67,1.0,0,0
sort_tray_056,controlled160,field_match_compressed,True,1.0,9.13,1.1686746987951806,0,2
sort_tray_056,controlled160,full,True,1.0,9.13,1.1686746987951806,0,2
pour_drink_057,controlled160,audit_only,False,0.7692307692307693,,,0,0
pour_drink_057,controlled160,field_match,True,1.0,13.71,1.1283734500364697,3,0
pour_drink_057,controlled160,field_match_compressed,True,1.0,11.870000000000001,1.303285593934288,3,3
pour_drink_057,controlled160,full,True,1.0,11.870000000000001,1.303285593934288,3,3
pack_box_058,controlled160,audit_only,False,0.875,,,0,0
pack_box_058,controlled160,field_match,True,0.9411764705882353,7.720000000000001,1.4002590673575128,2,1
pack_box_058,controlled160,field_match_compressed,True,0.9411764705882353,7.720000000000001,1.4002590673575128,2,4
pack_box_058,controlled160,full,True,0.9411764705882353,7.720000000000001,1.4002590673575128,2,4
assemble_bracket_059,controlled160,audit_only,False,0.9230769230769231,,,0,0
assemble_bracket_059,controlled160,field_match,True,1.0,14.07,1.0803127221037667,1,0
assemble_bracket_059,controlled160,field_match_compressed,True,1.0,13.43,1.1317944899478778,1,3
assemble_bracket_059,controlled160,full,True,1.0,13.43,1.1317944899478778,1,3
sort_tray_060,controlled160,audit_only,False,0.9,,,0,0
sort_tray_060,controlled160,field_match,True,1.0,12.559999999999999,1.0000000000000002,2,0
sort_tray_060,controlled160,field_match_compressed,True,1.0,10.61,1.1837888784165882,2,2
sort_tray_060,controlled160,full,True,1.0,10.61,1.1837888784165882,2,2
pour_drink_061,controlled160,audit_only,False,0.9333333333333333,,,0,0
pour_drink_061,controlled160,field_match,True,1.0,14.519999999999998,1.084710743801653,1,0
pour_drink_061,controlled160,field_match_compressed,True,1.0,12.28,1.2825732899022801,1,3
pour_drink_061,controlled160,full,True,1.0,12.28,1.2825732899022801,1,3
pack_box_062,controlled160,audit_only,False,0.875,,,0,0
pack_box_062,controlled160,field_match,True,0.9411764705882353,8.27,1.4159613059250304,2,1
pack_box_062,controlled160,field_match_compressed,True,0.9411764705882353,8.27,1.4159613059250304,2,4
pack_box_062,controlled160,full,True,0.9411764705882353,8.27,1.4159613059250304,2,4
assemble_bracket_063,controlled160,audit_only,False,0.9230769230769231,,,0,0
assemble_bracket_063,controlled160,field_match,True,1.0,15.669999999999998,1.0918953414167198,1,0
assemble_bracket_063,controlled160,field_match_compressed,True,1.0,15.309999999999999,1.1175702155453953,1,3
assemble_bracket_063,controlled160,full,True,1.0,15.309999999999999,1.1175702155453953,1,3
sort_tray_064,controlled160,audit_only,False,0.9,,,0,0
sort_tray_064,controlled160,field_match,True,1.0,11.76,1.0,2,0
sort_tray_064,controlled160,field_match_compressed,True,1.0,10.2,1.1529411764705884,2,2
sort_tray_064,controlled160,full,True,1.0,10.2,1.1529411764705884,2,2
pour_drink_065,controlled160,audit_only,False,0.8571428571428571,,,0,0
pour_drink_065,controlled160,field_match,True,1.0,14.6,1.091095890410959,2,0
pour_drink_065,controlled160,field_match_compressed,True,1.0,12.35,1.2898785425101216,2,3
pour_drink_065,controlled160,full,True,1.0,12.35,1.2898785425101216,2,3
pack_box_066,controlled160,audit_only,False,0.9411764705882353,,,0,0
pack_box_066,controlled160,field_match,True,0.9411764705882353,7.9799999999999995,1.4699248120300754,1,1
pack_box_066,controlled160,field_match_compressed,True,0.9411764705882353,7.9799999999999995,1.4699248120300754,1,4
pack_box_066,controlled160,full,True,0.9411764705882353,7.9799999999999995,1.4699248120300754,1,4
assemble_bracket_067,controlled160,audit_only,False,0.9230769230769231,,,0,0
assemble_bracket_067,controlled160,field_match,True,1.0,14.51,1.090971743625086,1,0
assemble_bracket_067,controlled160,field_match_compressed,True,1.0,14.04,1.1274928774928776,1,3
assemble_bracket_067,controlled160,full,True,1.0,14.04,1.1274928774928776,1,3
sort_tray_068,controlled160,audit_only,False,0.8421052631578947,,,0,0
sort_tray_068,controlled160,field_match,True,1.0,11.7,1.0,3,0
sort_tray_068,controlled160,field_match_compressed,True,1.0,9.94,1.1770623742454729,3,2
sort_tray_068,controlled160,full,True,1.0,9.94,1.1770623742454729,3,2
pour_drink_069,controlled160,audit_only,False,0.9333333333333333,,,0,0
pour_drink_069,controlled160,field_match,True,1.0,13.96,1.096704871060172,1,0
pour_drink_069,controlled160,field_match_compressed,True,1.0,12.25,1.249795918367347,1,3
pour_drink_069,controlled160,full,True,1.0,12.25,1.249795918367347,1,3
pack_box_070,controlled160,audit_only,False,0.8,,,0,0
pack_box_070,controlled160,field_match,True,0.9411764705882353,7.98,1.4385964912280702,3,1
pack_box_070,controlled160,field_match_compressed,True,0.9411764705882353,7.98,1.4385964912280702,3,4
pack_box_070,controlled160,full,True,0.9411764705882353,7.98,1.4385964912280702,3,4
assemble_bracket_071,controlled160,audit_only,False,0.9230769230769231,,,0,0
assemble_bracket_071,controlled160,field_match,True,1.0,16.4,1.1006097560975612,1,0
assemble_bracket_071,controlled160,field_match_compressed,True,1.0,16.0,1.128125,1,3
assemble_bracket_071,controlled160,full,True,1.0,16.0,1.128125,1,3
sort_tray_072,controlled160,audit_only,False,0.7058823529411765,,,0,0
sort_tray_072,controlled160,field_match,True,1.0,11.86,1.0,5,0
sort_tray_072,controlled160,field_match_compressed,True,1.0,9.969999999999999,1.189568706118355,5,2
sort_tray_072,controlled160,full,True,0.9090909090909091,11.86,1.0,5,2
pour_drink_073,controlled160,audit_only,False,0.9333333333333333,,,0,0
pour_drink_073,controlled160,field_match,True,1.0,13.99,1.1043602573266618,1,0
pour_drink_073,controlled160,field_match_compressed,True,1.0,12.370000000000001,1.2489894907033143,1,3
pour_drink_073,controlled160,full,True,1.0,12.370000000000001,1.2489894907033143,1,3
pack_box_074,controlled160,audit_only,False,0.9411764705882353,,,0,0
pack_box_074,controlled160,field_match,True,0.9411764705882353,8.11,1.4944512946979038,1,1
pack_box_074,controlled160,field_match_compressed,True,0.9411764705882353,8.11,1.4944512946979038,1,4
pack_box_074,controlled160,full,True,0.9411764705882353,8.11,1.4944512946979038,1,4
assemble_bracket_075,controlled160,audit_only,False,0.9230769230769231,,,0,0
assemble_bracket_075,controlled160,field_match,True,1.0,16.78,1.0905840286054826,1,0
assemble_bracket_075,controlled160,field_match_compressed,True,1.0,16.270000000000003,1.1247695144437613,1,3
assemble_bracket_075,controlled160,full,True,1.0,16.270000000000003,1.1247695144437613,1,3
sort_tray_076,controlled160,audit_only,False,0.9523809523809523,,,0,0
sort_tray_076,controlled160,field_match,True,1.0,11.059999999999999,1.0000000000000002,1,0
sort_tray_076,controlled160,field_match_compressed,True,1.0,9.309999999999999,1.1879699248120303,1,2
sort_tray_076,controlled160,full,True,1.0,9.309999999999999,1.1879699248120303,1,2
pour_drink_077,controlled160,audit_only,False,0.8571428571428571,,,0,0
pour_drink_077,controlled160,field_match,True,1.0,14.45,1.1134948096885813,2,0
pour_drink_077,controlled160,field_match_compressed,True,1.0,12.41,1.2965350523771153,2,3
pour_drink_077,controlled160,full,True,1.0,12.41,1.2965350523771153,2,3
pack_box_078,controlled160,audit_only,False,0.9411764705882353,,,0,0
pack_box_078,controlled160,field_match,True,0.9411764705882353,7.84,1.4170918367346939,1,1
pack_box_078,controlled160,field_match_compressed,True,0.9411764705882353,7.84,1.4170918367346939,1,4
pack_box_078,controlled160,full,True,0.9411764705882353,7.84,1.4170918367346939,1,4
assemble_bracket_079,controlled160,audit_only,False,0.8333333333333334,,,0,0
assemble_bracket_079,controlled160,field_match,True,1.0,14.81,1.0972316002700877,2,0
assemble_bracket_079,controlled160,field_match_compressed,True,1.0,14.010000000000002,1.1598857958600999,2,3
assemble_bracket_079,controlled160,full,True,1.0,14.010000000000002,1.1598857958600999,2,3
sort_tray_080,controlled160,audit_only,False,0.9,,,0,0
sort_tray_080,controlled160,field_match,True,1.0,12.28,1.0,2,0
sort_tray_080,controlled160,field_match_compressed,True,1.0,10.549999999999999,1.1639810426540285,2,2
sort_tray_080,controlled160,full,True,1.0,10.549999999999999,1.1639810426540285,2,2
pour_drink_081,controlled160,audit_only,False,0.9333333333333333,,,0,0
pour_drink_081,controlled160,field_match,True,1.0,13.85,1.128519855595668,1,0
pour_drink_081,controlled160,field_match_compressed,True,1.0,12.139999999999999,1.2874794069192752,1,3
pour_drink_081,controlled160,full,True,1.0,12.139999999999999,1.2874794069192752,1,3
pack_box_082,controlled160,audit_only,False,0.9411764705882353,,,0,0
pack_box_082,controlled160,field_match,True,0.9411764705882353,8.15,1.487116564417178,1,1
pack_box_082,controlled160,field_match_compressed,True,0.9411764705882353,8.15,1.487116564417178,1,4
pack_box_082,controlled160,full,True,0.9411764705882353,8.15,1.487116564417178,1,4
assemble_bracket_083,controlled160,audit_only,True,1.0,16.3,1.0834355828220859,0,0
assemble_bracket_083,controlled160,field_match,True,1.0,16.3,1.0834355828220859,0,0
assemble_bracket_083,controlled160,field_match_compressed,True,1.0,15.870000000000001,1.1127914303717705,0,3
assemble_bracket_083,controlled160,full,True,1.0,15.870000000000001,1.1127914303717705,0,3
sort_tray_084,controlled160,audit_only,False,0.8421052631578947,,,0,0
sort_tray_084,controlled160,field_match,True,1.0,11.43,1.0,3,0
sort_tray_084,controlled160,field_match_compressed,True,1.0,9.46,1.2082452431289639,3,2
sort_tray_084,controlled160,full,True,0.9090909090909091,11.43,1.0,3,2
pour_drink_085,controlled160,audit_only,False,0.8571428571428571,,,0,0
pour_drink_085,controlled160,field_match,True,1.0,14.799999999999999,1.1101351351351352,2,0
pour_drink_085,controlled160,field_match_compressed,True,1.0,12.65,1.298814229249012,2,3
pour_drink_085,controlled160,full,True,1.0,12.65,1.298814229249012,2,3
pack_box_086,controlled160,audit_only,False,1.0,,,0,0
pack_box_086,controlled160,field_match,True,0.9411764705882353,8.19,1.4847374847374848,0,1
pack_box_086,controlled160,field_match_compressed,True,0.9411764705882353,8.19,1.4847374847374848,0,4
pack_box_086,controlled160,full,True,0.9411764705882353,8.19,1.4847374847374848,0,4
assemble_bracket_087,controlled160,audit_only,False,0.6,,,0,0
assemble_bracket_087,controlled160,field_match,True,1.0,14.629999999999999,1.0813397129186604,4,0
assemble_bracket_087,controlled160,field_match_compressed,True,1.0,14.02,1.1283880171184024,4,3
assemble_bracket_087,controlled160,full,True,1.0,14.02,1.1283880171184024,4,3
sort_tray_088,controlled160,audit_only,False,0.8421052631578947,,,0,0
sort_tray_088,controlled160,field_match,True,1.0,10.809999999999999,1.0,3,0
sort_tray_088,controlled160,field_match_compressed,True,1.0,9.35,1.1561497326203207,3,2
sort_tray_088,controlled160,full,True,0.9090909090909091,10.81,0.9999999999999999,3,2
pour_drink_089,controlled160,audit_only,True,1.0,15.28,1.1178010471204187,0,0
pour_drink_089,controlled160,field_match,True,1.0,15.28,1.1178010471204187,0,0
pour_drink_089,controlled160,field_match_compressed,True,1.0,13.1,1.3038167938931298,0,3
pour_drink_089,controlled160,full,True,1.0,13.1,1.3038167938931298,0,3
pack_box_090,controlled160,audit_only,False,0.9411764705882353,,,0,0
pack_box_090,controlled160,field_match,True,0.9411764705882353,8.0,1.4375,1,1
pack_box_090,controlled160,field_match_compressed,True,0.9411764705882353,8.0,1.4375,1,4
pack_box_090,controlled160,full,True,0.9411764705882353,8.0,1.4375,1,4
assemble_bracket_091,controlled160,audit_only,False,0.7272727272727273,,,0,0
assemble_bracket_091,controlled160,field_match,True,1.0,15.68,1.0739795918367347,3,0
assemble_bracket_091,controlled160,field_match_compressed,True,1.0,14.67,1.1479209270620314,3,3
assemble_bracket_091,controlled160,full,True,1.0,14.67,1.1479209270620314,3,3
sort_tray_092,controlled160,audit_only,False,0.8421052631578947,,,0,0
sort_tray_092,controlled160,field_match,True,1.0,11.56,1.0,3,0
sort_tray_092,controlled160,field_match_compressed,True,1.0,9.8,1.1795918367346938,3,2
sort_tray_092,controlled160,full,True,1.0,9.8,1.1795918367346938,3,2
pour_drink_093,controlled160,audit_only,True,1.0,13.57,1.117907148120855,0,0
pour_drink_093,controlled160,field_match,True,1.0,13.57,1.117907148120855,0,0
pour_drink_093,controlled160,field_match_compressed,True,1.0,11.88,1.2769360269360268,0,3
pour_drink_093,controlled160,full,True,1.0,11.88,1.2769360269360268,0,3
pack_box_094,controlled160,audit_only,False,0.9411764705882353,,,0,0
pack_box_094,controlled160,field_match,True,0.9411764705882353,8.290000000000001,1.4294330518697222,1,1
pack_box_094,controlled160,field_match_compressed,True,0.9411764705882353,8.290000000000001,1.4294330518697222,1,4
pack_box_094,controlled160,full,True,0.9411764705882353,8.290000000000001,1.4294330518697222,1,4
assemble_bracket_095,controlled160,audit_only,False,0.9230769230769231,,,0,0
assemble_bracket_095,controlled160,field_match,True,1.0,14.919999999999998,1.096514745308311,1,0
assemble_bracket_095,controlled160,field_match_compressed,True,1.0,14.279999999999998,1.1456582633053223,1,3
assemble_bracket_095,controlled160,full,True,1.0,14.279999999999998,1.1456582633053223,1,3
sort_tray_096,controlled160,audit_only,False,0.9,,,0,0
sort_tray_096,controlled160,field_match,True,1.0,11.739999999999998,1.0000000000000002,2,0
sort_tray_096,controlled160,field_match_compressed,True,1.0,10.2,1.1509803921568629,2,2
sort_tray_096,controlled160,full,True,1.0,10.2,1.1509803921568629,2,2
pour_drink_097,controlled160,audit_only,True,1.0,14.830000000000002,1.0856372218476062,0,0
pour_drink_097,controlled160,field_match,True,1.0,14.830000000000002,1.0856372218476062,0,0
pour_drink_097,controlled160,field_match_compressed,True,1.0,12.88,1.25,0,3
pour_drink_097,controlled160,full,True,1.0,12.88,1.25,0,3
pack_box_098,controlled160,audit_only,False,0.875,,,0,0
pack_box_098,controlled160,field_match,True,0.9411764705882353,8.4,1.457142857142857,1,0
pack_box_098,controlled160,field_match_compressed,True,0.9411764705882353,8.4,1.457142857142857,1,3
pack_box_098,controlled160,full,True,0.9411764705882353,8.4,1.457142857142857,1,3
assemble_bracket_099,controlled160,audit_only,False,0.8333333333333334,,,0,0
assemble_bracket_099,controlled160,field_match,True,1.0,16.14,1.094175960346964,2,0
assemble_bracket_099,controlled160,field_match_compressed,True,1.0,15.49,1.1400903808908973,2,3
assemble_bracket_099,controlled160,full,True,1.0,15.49,1.1400903808908973,2,3
sort_tray_100,controlled160,audit_only,False,0.8421052631578947,,,0,0
sort_tray_100,controlled160,field_match,True,1.0,12.82,1.0,3,0
sort_tray_100,controlled160,field_match_compressed,True,1.0,10.76,1.191449814126394,3,2
sort_tray_100,controlled160,full,True,1.0,10.76,1.191449814126394,3,2
pour_drink_101,controlled160,audit_only,False,0.9333333333333333,,,0,0
pour_drink_101,controlled160,field_match,True,1.0,14.1,1.1092198581560284,1,0
pour_drink_101,controlled160,field_match_compressed,True,1.0,12.02,1.301164725457571,1,3
pour_drink_101,controlled160,full,True,1.0,12.02,1.301164725457571,1,3
pack_box_102,controlled160,audit_only,False,1.0,,,0,0
pack_box_102,controlled160,field_match,True,0.9411764705882353,7.640000000000001,1.4738219895287956,0,1
pack_box_102,controlled160,field_match_compressed,True,0.9411764705882353,7.640000000000001,1.4738219895287956,0,4
pack_box_102,controlled160,full,True,0.9411764705882353,7.640000000000001,1.4738219895287956,0,4
assemble_bracket_103,controlled160,audit_only,False,0.9230769230769231,,,0,0
assemble_bracket_103,controlled160,field_match,True,1.0,15.860000000000001,1.0725094577553593,1,0
assemble_bracket_103,controlled160,field_match_compressed,True,1.0,14.950000000000001,1.1377926421404683,1,3
assemble_bracket_103,controlled160,full,True,1.0,14.950000000000001,1.1377926421404683,1,3
sort_tray_104,controlled160,audit_only,False,0.7777777777777778,,,0,0
sort_tray_104,controlled160,field_match,True,1.0,11.0,1.0,4,0
sort_tray_104,controlled160,field_match_compressed,True,1.0,9.120000000000001,1.2061403508771928,4,2
sort_tray_104,controlled160,full,True,0.9090909090909091,10.999999999999998,1.0000000000000002,4,2
pour_drink_105,controlled160,audit_only,False,0.7692307692307693,,,0,0
pour_drink_105,controlled160,field_match,True,1.0,14.45,1.0837370242214535,3,0
pour_drink_105,controlled160,field_match_compressed,True,1.0,12.75,1.228235294117647,3,3
pour_drink_105,controlled160,full,True,1.0,12.75,1.228235294117647,3,3
pack_box_106,controlled160,audit_only,False,0.875,,,0,0
pack_box_106,controlled160,field_match,True,0.9411764705882353,7.75,1.527741935483871,2,1
pack_box_106,controlled160,field_match_compressed,True,0.9411764705882353,7.75,1.527741935483871,2,4
pack_box_106,controlled160,full,True,0.9411764705882353,7.75,1.527741935483871,2,4
assemble_bracket_107,controlled160,audit_only,False,0.9230769230769231,,,0,0
assemble_bracket_107,controlled160,field_match,True,1.0,14.189999999999998,1.108527131782946,1,0
assemble_bracket_107,controlled160,field_match_compressed,True,1.0,13.399999999999999,1.1738805970149255,1,3
assemble_bracket_107,controlled160,full,True,1.0,13.399999999999999,1.1738805970149255,1,3
sort_tray_108,controlled160,audit_only,False,0.9,,,0,0
sort_tray_108,controlled160,field_match,True,1.0,12.030000000000001,1.0,2,0
sort_tray_108,controlled160,field_match_compressed,True,1.0,9.97,1.2066198595787363,2,2
sort_tray_108,controlled160,full,True,1.0,9.97,1.2066198595787363,2,2
pour_drink_109,controlled160,audit_only,False,0.8571428571428571,,,0,0
pour_drink_109,controlled160,field_match,True,1.0,14.46,1.0850622406639003,2,0
pour_drink_109,controlled160,field_match_compressed,True,1.0,12.69,1.236406619385343,2,3
pour_drink_109,controlled160,full,True,1.0,12.69,1.236406619385343,2,3
pack_box_110,controlled160,audit_only,False,0.8,,,0,0
pack_box_110,controlled160,field_match,True,0.9411764705882353,8.85,1.3932203389830509,3,1
pack_box_110,controlled160,field_match_compressed,True,0.9411764705882353,8.85,1.3932203389830509,3,4
pack_box_110,controlled160,full,True,0.9411764705882353,8.85,1.3932203389830509,3,4
assemble_bracket_111,controlled160,audit_only,True,1.0,14.84,1.1118598382749327,0,0
assemble_bracket_111,controlled160,field_match,True,1.0,14.84,1.1118598382749327,0,0
assemble_bracket_111,controlled160,field_match_compressed,True,1.0,14.379999999999999,1.1474269819193326,0,3
assemble_bracket_111,controlled160,full,True,1.0,14.379999999999999,1.1474269819193326,0,3
sort_tray_112,controlled160,audit_only,False,0.7777777777777778,,,0,0
sort_tray_112,controlled160,field_match,True,1.0,11.5,1.0,4,0
sort_tray_112,controlled160,field_match_compressed,True,1.0,9.85,1.16751269035533,4,2
sort_tray_112,controlled160,full,True,1.0,9.85,1.16751269035533,4,2
pour_drink_113,controlled160,audit_only,False,0.6666666666666666,,,0,0
pour_drink_113,controlled160,field_match,True,1.0,14.540000000000001,1.1182943603851443,4,0
pour_drink_113,controlled160,field_match_compressed,True,1.0,12.89,1.2614429790535298,4,3
pour_drink_113,controlled160,full,True,1.0,12.89,1.2614429790535298,4,3
pack_box_114,controlled160,audit_only,True,0.9411764705882353,7.4,1.4378378378378378,0,0
pack_box_114,controlled160,field_match,True,0.9411764705882353,7.4,1.4378378378378378,0,0
pack_box_114,controlled160,field_match_compressed,True,0.9411764705882353,7.4,1.4378378378378378,0,3
pack_box_114,controlled160,full,True,0.9411764705882353,7.4,1.4378378378378378,0,3
assemble_bracket_115,controlled160,audit_only,True,1.0,15.05,1.093687707641196,0,0
assemble_bracket_115,controlled160,field_match,True,1.0,15.05,1.093687707641196,0,0
assemble_bracket_115,controlled160,field_match_compressed,True,1.0,14.540000000000003,1.1320495185694635,0,3
assemble_bracket_115,controlled160,full,True,1.0,14.540000000000003,1.1320495185694635,0,3
sort_tray_116,controlled160,audit_only,False,0.9523809523809523,,,0,0
sort_tray_116,controlled160,field_match,True,1.0,11.2,1.0,1,0
sort_tray_116,controlled160,field_match_compressed,True,1.0,9.5,1.1789473684210525,1,2
sort_tray_116,controlled160,full,True,1.0,9.5,1.1789473684210525,1,2
pour_drink_117,controlled160,audit_only,False,0.9333333333333333,,,0,0
pour_drink_117,controlled160,field_match,True,1.0,13.64,1.1092375366568914,1,0
pour_drink_117,controlled160,field_match_compressed,True,1.0,11.9,1.2714285714285714,1,3
pour_drink_117,controlled160,full,True,1.0,11.9,1.2714285714285714,1,3
pack_box_118,controlled160,audit_only,False,0.9411764705882353,,,0,0
pack_box_118,controlled160,field_match,True,0.9411764705882353,8.129999999999999,1.4932349323493237,1,1
pack_box_118,controlled160,field_match_compressed,True,0.9411764705882353,8.129999999999999,1.4932349323493237,1,4
pack_box_118,controlled160,full,True,0.9411764705882353,8.129999999999999,1.4932349323493237,1,4
assemble_bracket_119,controlled160,audit_only,True,1.0,15.079999999999998,1.093501326259947,0,0
assemble_bracket_119,controlled160,field_match,True,1.0,15.079999999999998,1.093501326259947,0,0
assemble_bracket_119,controlled160,field_match_compressed,True,1.0,14.43,1.1427581427581426,0,3
assemble_bracket_119,controlled160,full,True,1.0,14.43,1.1427581427581426,0,3
sort_tray_120,controlled160,audit_only,False,0.9523809523809523,,,0,0
sort_tray_120,controlled160,field_match,True,1.0,12.35,1.0,1,0
sort_tray_120,controlled160,field_match_compressed,True,1.0,10.29,1.2001943634596697,1,2
sort_tray_120,controlled160,full,True,1.0,10.29,1.2001943634596697,1,2
pour_drink_121,controlled160,audit_only,False,0.7692307692307693,,,0,0
pour_drink_121,controlled160,field_match,True,1.0,15.0,1.096,3,0
pour_drink_121,controlled160,field_match_compressed,True,1.0,12.879999999999999,1.2763975155279506,3,3
pour_drink_121,controlled160,full,True,1.0,12.879999999999999,1.2763975155279506,3,3
pack_box_122,controlled160,audit_only,False,0.9411764705882353,,,0,0
pack_box_122,controlled160,field_match,True,0.9411764705882353,7.63,1.507208387942333,1,1
pack_box_122,controlled160,field_match_compressed,True,0.9411764705882353,7.63,1.507208387942333,1,4
pack_box_122,controlled160,full,True,0.9411764705882353,7.63,1.507208387942333,1,4
assemble_bracket_123,controlled160,audit_only,False,0.9230769230769231,,,0,0
assemble_bracket_123,controlled160,field_match,True,1.0,15.31,1.1038536903984322,1,0
assemble_bracket_123,controlled160,field_match_compressed,True,1.0,15.15,1.1155115511551155,1,3
assemble_bracket_123,controlled160,full,True,1.0,15.15,1.1155115511551155,1,3
sort_tray_124,controlled160,audit_only,False,0.9,,,0,0
sort_tray_124,controlled160,field_match,True,1.0,11.11,1.0,2,0
sort_tray_124,controlled160,field_match_compressed,True,1.0,9.54,1.1645702306079666,2,2
sort_tray_124,controlled160,full,True,1.0,9.54,1.1645702306079666,2,2
pour_drink_125,controlled160,audit_only,True,1.0,13.329999999999998,1.119279819954989,0,0
pour_drink_125,controlled160,field_match,True,1.0,13.329999999999998,1.119279819954989,0,0
pour_drink_125,controlled160,field_match_compressed,True,1.0,11.66,1.2795883361921097,0,3
pour_drink_125,controlled160,full,True,1.0,11.66,1.2795883361921097,0,3
pack_box_126,controlled160,audit_only,False,0.9411764705882353,,,0,0
pack_box_126,controlled160,field_match,True,0.9411764705882353,7.51,1.463382157123835,1,1
pack_box_126,controlled160,field_match_compressed,True,0.9411764705882353,7.51,1.463382157123835,1,4
pack_box_126,controlled160,full,True,0.9411764705882353,7.51,1.463382157123835,1,4
assemble_bracket_127,controlled160,audit_only,False,0.9230769230769231,,,0,0
assemble_bracket_127,controlled160,field_match,True,1.0,13.829999999999998,1.0817064352856112,1,0
assemble_bracket_127,controlled160,field_match_compressed,True,1.0,13.079999999999998,1.143730886850153,1,3
assemble_bracket_127,controlled160,full,True,1.0,13.079999999999998,1.143730886850153,1,3
sort_tray_128,controlled160,audit_only,False,0.7777777777777778,,,0,0
sort_tray_128,controlled160,field_match,True,1.0,10.62,1.0,4,0
sort_tray_128,controlled160,field_match_compressed,True,1.0,8.879999999999999,1.195945945945946,4,2
sort_tray_128,controlled160,full,True,1.0,8.879999999999999,1.195945945945946,4,2
pour_drink_129,controlled160,audit_only,False,0.8571428571428571,,,0,0
pour_drink_129,controlled160,field_match,True,1.0,15.349999999999998,1.1159609120521174,2,0
pour_drink_129,controlled160,field_match_compressed,True,1.0,13.59,1.260485651214128,2,3
pour_drink_129,controlled160,full,True,1.0,13.59,1.260485651214128,2,3
pack_box_130,controlled160,audit_only,False,0.875,,,0,0
pack_box_130,controlled160,field_match,True,0.9411764705882353,8.07,1.4411400247831472,2,1
pack_box_130,controlled160,field_match_compressed,True,0.9411764705882353,8.07,1.4411400247831472,2,4
pack_box_130,controlled160,full,True,0.9411764705882353,8.07,1.4411400247831472,2,4
assemble_bracket_131,controlled160,audit_only,False,0.9230769230769231,,,0,0
assemble_bracket_131,controlled160,field_match,True,1.0,15.07,1.1074983410749832,1,0
assemble_bracket_131,controlled160,field_match_compressed,True,1.0,14.73,1.1330617786829598,1,3
assemble_bracket_131,controlled160,full,True,1.0,14.73,1.1330617786829598,1,3
sort_tray_132,controlled160,audit_only,True,1.0,12.200000000000001,0.9999999999999999,0,0
sort_tray_132,controlled160,field_match,True,1.0,12.200000000000001,0.9999999999999999,0,0
sort_tray_132,controlled160,field_match_compressed,True,1.0,10.14,1.2031558185404339,0,2
sort_tray_132,controlled160,full,True,1.0,10.14,1.2031558185404339,0,2
pour_drink_133,controlled160,audit_only,False,0.8571428571428571,,,0,0
pour_drink_133,controlled160,field_match,True,1.0,15.39,1.1104613385315139,2,0
pour_drink_133,controlled160,field_match_compressed,True,1.0,13.440000000000001,1.271577380952381,2,3
pour_drink_133,controlled160,full,True,1.0,13.440000000000001,1.271577380952381,2,3
pack_box_134,controlled160,audit_only,False,0.875,,,0,0
pack_box_134,controlled160,field_match,True,0.9411764705882353,8.21,1.3995127892813641,1,0
pack_box_134,controlled160,field_match_compressed,True,0.9411764705882353,8.21,1.3995127892813641,1,3
pack_box_134,controlled160,full,True,0.9411764705882353,8.21,1.3995127892813641,1,3
assemble_bracket_135,controlled160,audit_only,False,0.9230769230769231,,,0,0
assemble_bracket_135,controlled160,field_match,True,1.0,15.790000000000001,1.0785307156428119,1,0
assemble_bracket_135,controlled160,field_match_compressed,True,1.0,14.99,1.1360907271514344,1,3
assemble_bracket_135,controlled160,full,True,1.0,14.99,1.1360907271514344,1,3
sort_tray_136,controlled160,audit_only,False,0.9523809523809523,,,0,0
sort_tray_136,controlled160,field_match,True,1.0,11.730000000000002,0.9999999999999999,1,0
sort_tray_136,controlled160,field_match_compressed,True,1.0,9.610000000000001,1.2206035379812694,1,2
sort_tray_136,controlled160,full,True,1.0,9.610000000000001,1.2206035379812694,1,2
pour_drink_137,controlled160,audit_only,True,1.0,15.009999999999998,1.099933377748168,0,0
pour_drink_137,controlled160,field_match,True,1.0,15.009999999999998,1.099933377748168,0,0
pour_drink_137,controlled160,field_match_compressed,True,1.0,12.96,1.2739197530864195,0,3
pour_drink_137,controlled160,full,True,1.0,12.96,1.2739197530864195,0,3
pack_box_138,controlled160,audit_only,False,0.9411764705882353,,,0,0
pack_box_138,controlled160,field_match,True,0.9411764705882353,8.35,1.4251497005988025,1,1
pack_box_138,controlled160,field_match_compressed,True,0.9411764705882353,8.35,1.4251497005988025,1,4
pack_box_138,controlled160,full,True,0.9411764705882353,8.35,1.4251497005988025,1,4
assemble_bracket_139,controlled160,audit_only,False,0.9230769230769231,,,0,0
assemble_bracket_139,controlled160,field_match,True,1.0,15.170000000000002,1.0823994726433748,1,0
assemble_bracket_139,controlled160,field_match_compressed,True,1.0,14.379999999999999,1.1418636995827538,1,3
assemble_bracket_139,controlled160,full,True,1.0,14.379999999999999,1.1418636995827538,1,3
sort_tray_140,controlled160,audit_only,False,0.8421052631578947,,,0,0
sort_tray_140,controlled160,field_match,True,1.0,10.75,1.0,3,0
sort_tray_140,controlled160,field_match_compressed,True,1.0,9.309999999999999,1.154672395273899,3,2
sort_tray_140,controlled160,full,True,1.0,9.309999999999999,1.154672395273899,3,2
pour_drink_141,controlled160,audit_only,False,0.9333333333333333,,,0,0
pour_drink_141,controlled160,field_match,True,1.0,15.36,1.08984375,1,0
pour_drink_141,controlled160,field_match_compressed,True,1.0,13.04,1.2837423312883436,1,3
pour_drink_141,controlled160,full,True,1.0,13.04,1.2837423312883436,1,3
pack_box_142,controlled160,audit_only,False,0.9411764705882353,,,0,0
pack_box_142,controlled160,field_match,True,0.9411764705882353,8.09,1.4585908529048208,1,1
pack_box_142,controlled160,field_match_compressed,True,0.9411764705882353,8.09,1.4585908529048208,1,4
pack_box_142,controlled160,full,True,0.9411764705882353,8.09,1.4585908529048208,1,4
assemble_bracket_143,controlled160,audit_only,False,0.8333333333333334,,,0,0
assemble_bracket_143,controlled160,field_match,True,1.0,16.060000000000002,1.0971357409713574,2,0
assemble_bracket_143,controlled160,field_match_compressed,True,1.0,15.290000000000003,1.1523871811641595,2,3
assemble_bracket_143,controlled160,full,True,1.0,15.290000000000003,1.1523871811641595,2,3
sort_tray_144,controlled160,audit_only,False,0.7058823529411765,,,0,0
sort_tray_144,controlled160,field_match,True,1.0,10.719999999999999,1.0,5,0
sort_tray_144,controlled160,field_match_compressed,True,1.0,8.899999999999999,1.204494382022472,5,2
sort_tray_144,controlled160,full,True,0.9090909090909091,10.719999999999999,1.0,5,2
pour_drink_145,controlled160,audit_only,False,0.9333333333333333,,,0,0
pour_drink_145,controlled160,field_match,True,1.0,14.44,1.108725761772853,1,0
pour_drink_145,controlled160,field_match_compressed,True,1.0,12.159999999999998,1.3166118421052633,1,3
pour_drink_145,controlled160,full,True,1.0,12.159999999999998,1.3166118421052633,1,3
pack_box_146,controlled160,audit_only,False,1.0,,,0,0
pack_box_146,controlled160,field_match,True,0.9411764705882353,8.09,1.3757725587144622,0,1
pack_box_146,controlled160,field_match_compressed,True,0.9411764705882353,8.09,1.3757725587144622,0,4
pack_box_146,controlled160,full,True,0.9411764705882353,8.09,1.3757725587144622,0,4
assemble_bracket_147,controlled160,audit_only,False,0.8333333333333334,,,0,0
assemble_bracket_147,controlled160,field_match,True,1.0,15.920000000000002,1.0923366834170853,2,0
assemble_bracket_147,controlled160,field_match_compressed,True,1.0,15.290000000000003,1.1373446697187704,2,3
assemble_bracket_147,controlled160,full,True,1.0,15.290000000000003,1.1373446697187704,2,3
sort_tray_148,controlled160,audit_only,True,1.0,12.21,1.0,0,0
sort_tray_148,controlled160,field_match,True,1.0,12.21,1.0,0,0
sort_tray_148,controlled160,field_match_compressed,True,1.0,10.280000000000001,1.1877431906614786,0,2
sort_tray_148,controlled160,full,True,1.0,10.280000000000001,1.1877431906614786,0,2
pour_drink_149,controlled160,audit_only,False,0.9333333333333333,,,0,0
pour_drink_149,controlled160,field_match,True,1.0,15.06,1.1168658698539176,1,0
pour_drink_149,controlled160,field_match_compressed,True,1.0,13.38,1.257100149476831,1,3
pour_drink_149,controlled160,full,True,1.0,13.38,1.257100149476831,1,3
pack_box_150,controlled160,audit_only,False,0.875,,,0,0
pack_box_150,controlled160,field_match,True,0.9411764705882353,7.569999999999999,1.4372523117569354,2,1
pack_box_150,controlled160,field_match_compressed,True,0.9411764705882353,7.569999999999999,1.4372523117569354,2,4
pack_box_150,controlled160,full,True,0.9411764705882353,7.569999999999999,1.4372523117569354,2,4
assemble_bracket_151,controlled160,audit_only,False,0.8333333333333334,,,0,0
assemble_bracket_151,controlled160,field_match,True,1.0,13.950000000000001,1.096774193548387,2,0
assemble_bracket_151,controlled160,field_match_compressed,True,1.0,13.42,1.1400894187779433,2,3
assemble_bracket_151,controlled160,full,True,1.0,13.42,1.1400894187779433,2,3
sort_tray_152,controlled160,audit_only,False,0.9523809523809523,,,0,0
sort_tray_152,controlled160,field_match,True,1.0,11.64,1.0,1,0
sort_tray_152,controlled160,field_match_compressed,True,1.0,9.74,1.1950718685831623,1,2
sort_tray_152,controlled160,full,True,1.0,9.74,1.1950718685831623,1,2
pour_drink_153,controlled160,audit_only,True,1.0,14.69,1.0857726344452008,0,0
pour_drink_153,controlled160,field_match,True,1.0,14.69,1.0857726344452008,0,0
pour_drink_153,controlled160,field_match_compressed,True,1.0,12.83,1.2431800467653935,0,3
pour_drink_153,controlled160,full,True,1.0,12.83,1.2431800467653935,0,3
pack_box_154,controlled160,audit_only,False,0.9411764705882353,,,0,0
pack_box_154,controlled160,field_match,True,0.9411764705882353,8.25,1.418181818181818,1,1
pack_box_154,controlled160,field_match_compressed,True,0.9411764705882353,8.25,1.418181818181818,1,4
pack_box_154,controlled160,full,True,0.9411764705882353,8.25,1.418181818181818,1,4
assemble_bracket_155,controlled160,audit_only,True,1.0,16.130000000000003,1.0830750154990698,0,0
assemble_bracket_155,controlled160,field_match,True,1.0,16.130000000000003,1.0830750154990698,0,0
assemble_bracket_155,controlled160,field_match_compressed,True,1.0,15.27,1.1440733464309103,0,3
assemble_bracket_155,controlled160,full,True,1.0,15.27,1.1440733464309103,0,3
sort_tray_156,controlled160,audit_only,False,0.9523809523809523,,,0,0
sort_tray_156,controlled160,field_match,True,1.0,10.880000000000003,0.9999999999999999,1,0
sort_tray_156,controlled160,field_match_compressed,True,1.0,9.330000000000002,1.1661307609860663,1,2
sort_tray_156,controlled160,full,True,1.0,9.330000000000002,1.1661307609860663,1,2
pour_drink_157,controlled160,audit_only,False,0.9333333333333333,,,0,0
pour_drink_157,controlled160,field_match,True,1.0,15.57,1.1027617212588312,1,0
pour_drink_157,controlled160,field_match_compressed,True,1.0,13.48,1.273738872403561,1,3
pour_drink_157,controlled160,full,True,1.0,13.48,1.273738872403561,1,3
pack_box_158,controlled160,audit_only,False,0.9411764705882353,,,0,0
pack_box_158,controlled160,field_match,True,0.9411764705882353,8.229999999999999,1.4763061968408264,1,1
pack_box_158,controlled160,field_match_compressed,True,0.9411764705882353,8.229999999999999,1.4763061968408264,1,4
pack_box_158,controlled160,full,True,0.9411764705882353,8.229999999999999,1.4763061968408264,1,4
assemble_bracket_159,controlled160,audit_only,False,0.9230769230769231,,,0,0
assemble_bracket_159,controlled160,field_match,True,1.0,15.46,1.0802069857697283,1,0
assemble_bracket_159,controlled160,field_match_compressed,True,1.0,14.370000000000001,1.16214335421016,1,3
assemble_bracket_159,controlled160,full,True,1.0,14.370000000000001,1.16214335421016,1,3
sort_tray_160,controlled160,audit_only,False,0.9523809523809523,,,0,0
sort_tray_160,controlled160,field_match,True,1.0,11.07,1.0,1,0
sort_tray_160,controlled160,field_match_compressed,True,1.0,9.15,1.2098360655737705,1,2
sort_tray_160,controlled160,full,True,1.0,9.15,1.2098360655737705,1,2
A01__intact,intact,audit_only,True,,12.0,1.1666666666666667,0,0
A01__intact,intact,field_match,True,,12.0,1.1666666666666667,0,0
A01__intact,intact,field_match_compressed,True,,12.0,1.1666666666666667,0,0
A01__intact,intact,full,True,,12.0,1.1666666666666667,0,0
A01__nodes_only,nodes_only,audit_only,False,,,,0,0
A01__nodes_only,nodes_only,field_match,True,,12.0,1.1666666666666667,11,0
A01__nodes_only,nodes_only,field_match_compressed,True,,12.0,1.1666666666666667,11,0
A01__nodes_only,nodes_only,full,True,,12.0,1.1666666666666667,11,0
A01__state_only,state_only,audit_only,False,,,,0,0
A01__state_only,state_only,field_match,True,,12.0,1.1666666666666667,4,0
A01__state_only,state_only,field_match_compressed,True,,12.0,1.1666666666666667,4,0
A01__state_only,state_only,full,True,,12.0,1.1666666666666667,4,0
A01__linear_order,linear_order,audit_only,False,,,,0,0
A01__linear_order,linear_order,field_match,True,,14.0,1.0,9,0
A01__linear_order,linear_order,field_match_compressed,True,,12.0,1.1666666666666667,9,5
A01__linear_order,linear_order,full,True,,12.0,1.1666666666666667,9,5
A02__intact,intact,audit_only,True,,19.0,1.1578947368421053,0,0
A02__intact,intact,field_match,True,,19.0,1.1578947368421053,0,0
A02__intact,intact,field_match_compressed,True,,19.0,1.1578947368421053,0,0
A02__intact,intact,full,True,,19.0,1.1578947368421053,0,0
A02__nodes_only,nodes_only,audit_only,False,,,,0,0
A02__nodes_only,nodes_only,field_match,True,,19.0,1.1578947368421053,9,0
A02__nodes_only,nodes_only,field_match_compressed,True,,19.0,1.1578947368421053,9,0
A02__nodes_only,nodes_only,full,True,,19.0,1.1578947368421053,9,0
A02__state_only,state_only,audit_only,True,,19.0,1.1578947368421053,0,0
A02__state_only,state_only,field_match,True,,19.0,1.1578947368421053,0,0
A02__state_only,state_only,field_match_compressed,True,,19.0,1.1578947368421053,0,0
A02__state_only,state_only,full,True,,19.0,1.1578947368421053,0,0
A02__linear_order,linear_order,audit_only,False,,,,0,0
A02__linear_order,linear_order,field_match,True,,22.0,1.0,9,0
A02__linear_order,linear_order,field_match_compressed,True,,19.0,1.1578947368421053,9,8
A02__linear_order,linear_order,full,True,,19.0,1.1578947368421053,9,8
A03__intact,intact,audit_only,True,,19.0,1.1578947368421053,0,0
A03__intact,intact,field_match,True,,19.0,1.1578947368421053,0,0
A03__intact,intact,field_match_compressed,True,,19.0,1.1578947368421053,0,0
A03__intact,intact,full,True,,19.0,1.1578947368421053,0,0
A03__nodes_only,nodes_only,audit_only,False,,,,0,0
A03__nodes_only,nodes_only,field_match,True,,19.0,1.1578947368421053,14,0
A03__nodes_only,nodes_only,field_match_compressed,True,,19.0,1.1578947368421053,14,0
A03__nodes_only,nodes_only,full,True,,19.0,1.1578947368421053,14,0
A03__state_only,state_only,audit_only,False,,,,0,0
A03__state_only,state_only,field_match,True,,19.0,1.1578947368421053,5,0
A03__state_only,state_only,field_match_compressed,True,,19.0,1.1578947368421053,5,0
A03__state_only,state_only,full,True,,19.0,1.1578947368421053,5,0
A03__linear_order,linear_order,audit_only,False,,,,0,0
A03__linear_order,linear_order,field_match,True,,22.0,1.0,12,0
A03__linear_order,linear_order,field_match_compressed,True,,19.0,1.1578947368421053,12,7
A03__linear_order,linear_order,full,True,,19.0,1.1578947368421053,12,7
A04__intact,intact,audit_only,True,,19.0,1.4736842105263157,0,0
A04__intact,intact,field_match,True,,19.0,1.4736842105263157,0,0
A04__intact,intact,field_match_compressed,True,,19.0,1.4736842105263157,0,0
A04__intact,intact,full,True,,19.0,1.4736842105263157,0,0
A04__nodes_only,nodes_only,audit_only,False,,,,0,0
A04__nodes_only,nodes_only,field_match,True,,19.0,1.4736842105263157,18,0
A04__nodes_only,nodes_only,field_match_compressed,True,,19.0,1.4736842105263157,18,0
A04__nodes_only,nodes_only,full,True,,19.0,1.4736842105263157,18,0
A04__state_only,state_only,audit_only,False,,,,0,0
A04__state_only,state_only,field_match,True,,19.0,1.4736842105263157,5,0
A04__state_only,state_only,field_match_compressed,True,,19.0,1.4736842105263157,5,0
A04__state_only,state_only,full,True,,19.0,1.4736842105263157,5,0
A04__linear_order,linear_order,audit_only,False,,,,0,0
A04__linear_order,linear_order,field_match,True,,28.0,1.0,15,0
A04__linear_order,linear_order,field_match_compressed,True,,19.0,1.4736842105263157,15,9
A04__linear_order,linear_order,full,True,,19.0,1.4736842105263157,15,9
I01__intact,intact,audit_only,True,,12.0,1.0833333333333333,0,0
I01__intact,intact,field_match,True,,12.0,1.0833333333333333,0,0
I01__intact,intact,field_match_compressed,True,,12.0,1.0833333333333333,0,0
I01__intact,intact,full,True,,12.0,1.0833333333333333,0,0
I01__nodes_only,nodes_only,audit_only,False,,,,0,0
I01__nodes_only,nodes_only,field_match,True,,12.0,1.0833333333333333,11,0
I01__nodes_only,nodes_only,field_match_compressed,True,,12.0,1.0833333333333333,11,0
I01__nodes_only,nodes_only,full,True,,12.0,1.0833333333333333,11,0
I01__state_only,state_only,audit_only,False,,,,0,0
I01__state_only,state_only,field_match,True,,12.0,1.0833333333333333,2,0
I01__state_only,state_only,field_match_compressed,True,,12.0,1.0833333333333333,2,0
I01__state_only,state_only,full,True,,12.0,1.0833333333333333,2,0
I01__linear_order,linear_order,audit_only,False,,,,0,0
I01__linear_order,linear_order,field_match,True,,13.0,1.0,9,0
I01__linear_order,linear_order,field_match_compressed,True,,12.0,1.0833333333333333,9,5
I01__linear_order,linear_order,full,True,,12.0,1.0833333333333333,9,5
I02__intact,intact,audit_only,True,,22.0,1.1363636363636365,0,0
I02__intact,intact,field_match,True,,22.0,1.1363636363636365,0,0
I02__intact,intact,field_match_compressed,True,,22.0,1.1363636363636365,0,0
I02__intact,intact,full,True,,22.0,1.1363636363636365,0,0
I02__nodes_only,nodes_only,audit_only,False,,,,0,0
I02__nodes_only,nodes_only,field_match,True,,22.0,1.1363636363636365,18,0
I02__nodes_only,nodes_only,field_match_compressed,True,,22.0,1.1363636363636365,18,0
I02__nodes_only,nodes_only,full,True,,22.0,1.1363636363636365,18,0
I02__state_only,state_only,audit_only,False,,,,0,0
I02__state_only,state_only,field_match,True,,22.0,1.1363636363636365,7,0
I02__state_only,state_only,field_match_compressed,True,,22.0,1.1363636363636365,7,0
I02__state_only,state_only,full,True,,22.0,1.1363636363636365,7,0
I02__linear_order,linear_order,audit_only,False,,,,0,0
I02__linear_order,linear_order,field_match,True,,25.0,1.0,14,0
I02__linear_order,linear_order,field_match_compressed,True,,22.0,1.1363636363636365,14,8
I02__linear_order,linear_order,full,True,,22.0,1.1363636363636365,14,8
I03__intact,intact,audit_only,True,,20.0,1.15,0,0
I03__intact,intact,field_match,True,,20.0,1.15,0,0
I03__intact,intact,field_match_compressed,True,,20.0,1.15,0,0
I03__intact,intact,full,True,,20.0,1.15,0,0
I03__nodes_only,nodes_only,audit_only,False,,,,0,0
I03__nodes_only,nodes_only,field_match,True,,20.0,1.15,21,0
I03__nodes_only,nodes_only,field_match_compressed,True,,20.0,1.15,21,0
I03__nodes_only,nodes_only,full,True,,20.0,1.15,21,0
I03__state_only,state_only,audit_only,False,,,,0,0
I03__state_only,state_only,field_match,True,,20.0,1.15,5,0
I03__state_only,state_only,field_match_compressed,True,,20.0,1.15,5,0
I03__state_only,state_only,full,True,,20.0,1.15,5,0
I03__linear_order,linear_order,audit_only,False,,,,0,0
I03__linear_order,linear_order,field_match,True,,23.0,1.0,17,0
I03__linear_order,linear_order,field_match_compressed,True,,20.0,1.15,17,8
I03__linear_order,linear_order,full,True,,20.0,1.15,17,8
I04__intact,intact,audit_only,True,,18.0,1.0555555555555556,0,0
I04__intact,intact,field_match,True,,18.0,1.0555555555555556,0,0
I04__intact,intact,field_match_compressed,True,,18.0,1.0555555555555556,0,0
I04__intact,intact,full,True,,18.0,1.0555555555555556,0,0
I04__nodes_only,nodes_only,audit_only,False,,,,0,0
I04__nodes_only,nodes_only,field_match,True,,18.0,1.0555555555555556,15,0
I04__nodes_only,nodes_only,field_match_compressed,True,,18.0,1.0555555555555556,15,0
I04__nodes_only,nodes_only,full,True,,18.0,1.0555555555555556,15,0
I04__state_only,state_only,audit_only,False,,,,0,0
I04__state_only,state_only,field_match,True,,18.0,1.0555555555555556,5,0
I04__state_only,state_only,field_match_compressed,True,,18.0,1.0555555555555556,5,0
I04__state_only,state_only,full,True,,18.0,1.0555555555555556,5,0
I04__linear_order,linear_order,audit_only,False,,,,0,0
I04__linear_order,linear_order,field_match,True,,19.0,1.0,12,0
I04__linear_order,linear_order,field_match_compressed,True,,19.0,1.0,12,5
I04__linear_order,linear_order,full,True,,19.0,1.0,12,5
P01__intact,intact,audit_only,True,,12.0,1.25,0,0
P01__intact,intact,field_match,True,,12.0,1.25,0,0
P01__intact,intact,field_match_compressed,True,,12.0,1.25,0,0
P01__intact,intact,full,True,,12.0,1.25,0,0
P01__nodes_only,nodes_only,audit_only,False,,,,0,0
P01__nodes_only,nodes_only,field_match,True,,12.0,1.25,9,0
P01__nodes_only,nodes_only,field_match_compressed,True,,12.0,1.25,9,0
P01__nodes_only,nodes_only,full,True,,12.0,1.25,9,0
P01__state_only,state_only,audit_only,False,,,,0,0
P01__state_only,state_only,field_match,True,,12.0,1.25,2,0
P01__state_only,state_only,field_match_compressed,True,,12.0,1.25,2,0
P01__state_only,state_only,full,True,,12.0,1.25,2,0
P01__linear_order,linear_order,audit_only,False,,,,0,0
P01__linear_order,linear_order,field_match,True,,15.0,1.0,9,0
P01__linear_order,linear_order,field_match_compressed,True,,12.0,1.25,9,7
P01__linear_order,linear_order,full,True,,12.0,1.25,9,7
P02__intact,intact,audit_only,True,,15.0,1.4,0,0
P02__intact,intact,field_match,True,,15.0,1.4,0,0
P02__intact,intact,field_match_compressed,True,,15.0,1.4,0,0
P02__intact,intact,full,True,,15.0,1.4,0,0
P02__nodes_only,nodes_only,audit_only,False,,,,0,0
P02__nodes_only,nodes_only,field_match,True,,15.0,1.4,14,0
P02__nodes_only,nodes_only,field_match_compressed,True,,15.0,1.4,14,0
P02__nodes_only,nodes_only,full,True,,15.0,1.4,14,0
P02__state_only,state_only,audit_only,False,,,,0,0
P02__state_only,state_only,field_match,True,,15.0,1.4,4,0
P02__state_only,state_only,field_match_compressed,True,,15.0,1.4,4,0
P02__state_only,state_only,full,True,,15.0,1.4,4,0
P02__linear_order,linear_order,audit_only,False,,,,0,0
P02__linear_order,linear_order,field_match,True,,21.0,1.0,13,0
P02__linear_order,linear_order,field_match_compressed,True,,15.0,1.4,13,9
P02__linear_order,linear_order,full,True,,15.0,1.4,13,9
P03__intact,intact,audit_only,True,,14.0,1.2857142857142858,0,0
P03__intact,intact,field_match,True,,14.0,1.2857142857142858,0,0
P03__intact,intact,field_match_compressed,True,,14.0,1.2857142857142858,0,0
P03__intact,intact,full,True,,14.0,1.2857142857142858,0,0
P03__nodes_only,nodes_only,audit_only,False,,,,0,0
P03__nodes_only,nodes_only,field_match,True,,14.0,1.2857142857142858,14,0
P03__nodes_only,nodes_only,field_match_compressed,True,,14.0,1.2857142857142858,14,0
P03__nodes_only,nodes_only,full,True,,14.0,1.2857142857142858,14,0
P03__state_only,state_only,audit_only,False,,,,0,0
P03__state_only,state_only,field_match,True,,14.0,1.2857142857142858,4,0
P03__state_only,state_only,field_match_compressed,True,,14.0,1.2857142857142858,4,0
P03__state_only,state_only,full,True,,14.0,1.2857142857142858,4,0
P03__linear_order,linear_order,audit_only,False,,,,0,0
P03__linear_order,linear_order,field_match,True,,18.0,1.0,11,0
P03__linear_order,linear_order,field_match_compressed,True,,14.0,1.2857142857142858,11,8
P03__linear_order,linear_order,full,True,,14.0,1.2857142857142858,11,8
P04__intact,intact,audit_only,True,,18.0,1.2777777777777777,0,0
P04__intact,intact,field_match,True,,18.0,1.2777777777777777,0,0
P04__intact,intact,field_match_compressed,True,,18.0,1.2777777777777777,0,0
P04__intact,intact,full,True,,18.0,1.2777777777777777,0,0
P04__nodes_only,nodes_only,audit_only,False,,,,0,0
P04__nodes_only,nodes_only,field_match,True,,18.0,1.2777777777777777,16,0
P04__nodes_only,nodes_only,field_match_compressed,True,,18.0,1.2777777777777777,16,0
P04__nodes_only,nodes_only,full,True,,18.0,1.2777777777777777,16,0
P04__state_only,state_only,audit_only,False,,,,0,0
P04__state_only,state_only,field_match,True,,18.0,1.2777777777777777,4,0
P04__state_only,state_only,field_match_compressed,True,,18.0,1.2777777777777777,4,0
P04__state_only,state_only,full,True,,18.0,1.2777777777777777,4,0
P04__linear_order,linear_order,audit_only,False,,,,0,0
P04__linear_order,linear_order,field_match,True,,23.0,1.0,15,0
P04__linear_order,linear_order,field_match_compressed,True,,18.0,1.2777777777777777,15,11
P04__linear_order,linear_order,full,True,,18.0,1.2777777777777777,15,11
S01__intact,intact,audit_only,True,,9.0,1.4444444444444444,0,0
S01__intact,intact,field_match,True,,9.0,1.4444444444444444,0,0
S01__intact,intact,field_match_compressed,True,,9.0,1.4444444444444444,0,0
S01__intact,intact,full,True,,9.0,1.4444444444444444,0,0
S01__nodes_only,nodes_only,audit_only,False,,,,0,0
S01__nodes_only,nodes_only,field_match,True,,9.0,1.4444444444444444,9,0
S01__nodes_only,nodes_only,field_match_compressed,True,,9.0,1.4444444444444444,9,0
S01__nodes_only,nodes_only,full,True,,9.0,1.4444444444444444,9,0
S01__state_only,state_only,audit_only,False,,,,0,0
S01__state_only,state_only,field_match,True,,9.0,1.4444444444444444,3,0
S01__state_only,state_only,field_match_compressed,True,,9.0,1.4444444444444444,3,0
S01__state_only,state_only,full,True,,9.0,1.4444444444444444,3,0
S01__linear_order,linear_order,audit_only,False,,,,0,0
S01__linear_order,linear_order,field_match,True,,13.0,1.0,6,0
S01__linear_order,linear_order,field_match_compressed,True,,9.0,1.4444444444444444,6,4
S01__linear_order,linear_order,full,True,,9.0,1.4444444444444444,6,4
S02__intact,intact,audit_only,True,,11.0,1.3636363636363635,0,0
S02__intact,intact,field_match,True,,11.0,1.3636363636363635,0,0
S02__intact,intact,field_match_compressed,True,,11.0,1.3636363636363635,0,0
S02__intact,intact,full,True,,11.0,1.3636363636363635,0,0
S02__nodes_only,nodes_only,audit_only,False,,,,0,0
S02__nodes_only,nodes_only,field_match,True,,11.0,1.3636363636363635,13,0
S02__nodes_only,nodes_only,field_match_compressed,True,,11.0,1.3636363636363635,13,0
S02__nodes_only,nodes_only,full,True,,11.0,1.3636363636363635,13,0
S02__state_only,state_only,audit_only,False,,,,0,0
S02__state_only,state_only,field_match,True,,11.0,1.3636363636363635,3,0
S02__state_only,state_only,field_match_compressed,True,,11.0,1.3636363636363635,3,0
S02__state_only,state_only,full,True,,11.0,1.3636363636363635,3,0
S02__linear_order,linear_order,audit_only,False,,,,0,0
S02__linear_order,linear_order,field_match,True,,15.0,1.0,10,0
S02__linear_order,linear_order,field_match_compressed,True,,11.0,1.3636363636363635,10,5
S02__linear_order,linear_order,full,True,,11.0,1.3636363636363635,10,5
S03__intact,intact,audit_only,True,,17.0,1.2352941176470589,0,0
S03__intact,intact,field_match,True,,17.0,1.2352941176470589,0,0
S03__intact,intact,field_match_compressed,True,,17.0,1.2352941176470589,0,0
S03__intact,intact,full,True,,17.0,1.2352941176470589,0,0
S03__nodes_only,nodes_only,audit_only,False,,,,0,0
S03__nodes_only,nodes_only,field_match,True,,17.0,1.2352941176470589,16,0
S03__nodes_only,nodes_only,field_match_compressed,True,,17.0,1.2352941176470589,16,0
S03__nodes_only,nodes_only,full,True,,17.0,1.2352941176470589,16,0
S03__state_only,state_only,audit_only,False,,,,0,0
S03__state_only,state_only,field_match,True,,17.0,1.2352941176470589,3,0
S03__state_only,state_only,field_match_compressed,True,,17.0,1.2352941176470589,3,0
S03__state_only,state_only,full,True,,17.0,1.2352941176470589,3,0
S03__linear_order,linear_order,audit_only,False,,,,0,0
S03__linear_order,linear_order,field_match,True,,21.0,1.0,13,0
S03__linear_order,linear_order,field_match_compressed,True,,17.0,1.2352941176470589,13,8
S03__linear_order,linear_order,full,True,,17.0,1.2352941176470589,13,8
S04__intact,intact,audit_only,True,,16.0,1.375,0,0
S04__intact,intact,field_match,True,,16.0,1.375,0,0
S04__intact,intact,field_match_compressed,True,,16.0,1.375,0,0
S04__intact,intact,full,True,,16.0,1.375,0,0
S04__nodes_only,nodes_only,audit_only,False,,,,0,0
S04__nodes_only,nodes_only,field_match,True,,16.0,1.375,25,0
S04__nodes_only,nodes_only,field_match_compressed,True,,16.0,1.375,25,0
S04__nodes_only,nodes_only,full,True,,16.0,1.375,25,0
S04__state_only,state_only,audit_only,False,,,,0,0
S04__state_only,state_only,field_match,True,,16.0,1.375,7,0
S04__state_only,state_only,field_match_compressed,True,,16.0,1.375,7,0
S04__state_only,state_only,full,True,,16.0,1.375,7,0
S04__linear_order,linear_order,audit_only,False,,,,0,0
S04__linear_order,linear_order,field_match,True,,22.0,1.0,19,0
S04__linear_order,linear_order,field_match_compressed,True,,16.0,1.375,19,11
S04__linear_order,linear_order,full,True,,16.0,1.375,19,11
T01__intact,intact,audit_only,True,,24.0,1.125,0,0
T01__intact,intact,field_match,True,,24.0,1.125,0,0
T01__intact,intact,field_match_compressed,True,,24.0,1.125,0,0
T01__intact,intact,full,True,,24.0,1.125,0,0
T01__nodes_only,nodes_only,audit_only,False,,,,0,0
T01__nodes_only,nodes_only,field_match,True,,24.0,1.125,16,0
T01__nodes_only,nodes_only,field_match_compressed,True,,24.0,1.125,16,0
T01__nodes_only,nodes_only,full,True,,24.0,1.125,16,0
T01__state_only,state_only,audit_only,False,,,,0,0
T01__state_only,state_only,field_match,True,,24.0,1.125,6,0
T01__state_only,state_only,field_match_compressed,True,,24.0,1.125,6,0
T01__state_only,state_only,full,True,,24.0,1.125,6,0
T01__linear_order,linear_order,audit_only,False,,,,0,0
T01__linear_order,linear_order,field_match,True,,27.0,1.0,13,0
T01__linear_order,linear_order,field_match_compressed,True,,24.0,1.125,13,7
T01__linear_order,linear_order,full,True,,24.0,1.125,13,7
T02__intact,intact,audit_only,True,,17.0,1.411764705882353,0,0
T02__intact,intact,field_match,True,,17.0,1.411764705882353,0,0
T02__intact,intact,field_match_compressed,True,,17.0,1.411764705882353,0,0
T02__intact,intact,full,True,,17.0,1.411764705882353,0,0
T02__nodes_only,nodes_only,audit_only,False,,,,0,0
T02__nodes_only,nodes_only,field_match,True,,17.0,1.411764705882353,16,0
T02__nodes_only,nodes_only,field_match_compressed,True,,17.0,1.411764705882353,16,0
T02__nodes_only,nodes_only,full,True,,17.0,1.411764705882353,16,0
T02__state_only,state_only,audit_only,False,,,,0,0
T02__state_only,state_only,field_match,True,,17.0,1.411764705882353,3,0
T02__state_only,state_only,field_match_compressed,True,,17.0,1.411764705882353,3,0
T02__state_only,state_only,full,True,,17.0,1.411764705882353,3,0
T02__linear_order,linear_order,audit_only,False,,,,0,0
T02__linear_order,linear_order,field_match,True,,24.0,1.0,13,0
T02__linear_order,linear_order,field_match_compressed,True,,17.0,1.411764705882353,13,7
T02__linear_order,linear_order,full,True,,17.0,1.411764705882353,13,7
T03__intact,intact,audit_only,True,,23.0,1.173913043478261,0,0
T03__intact,intact,field_match,True,,23.0,1.173913043478261,0,0
T03__intact,intact,field_match_compressed,True,,23.0,1.173913043478261,0,0
T03__intact,intact,full,True,,23.0,1.173913043478261,0,0
T03__nodes_only,nodes_only,audit_only,False,,,,0,0
T03__nodes_only,nodes_only,field_match,True,,23.0,1.173913043478261,18,0
T03__nodes_only,nodes_only,field_match_compressed,True,,23.0,1.173913043478261,18,0
T03__nodes_only,nodes_only,full,True,,23.0,1.173913043478261,18,0
T03__state_only,state_only,audit_only,False,,,,0,0
T03__state_only,state_only,field_match,True,,23.0,1.173913043478261,5,0
T03__state_only,state_only,field_match_compressed,True,,23.0,1.173913043478261,5,0
T03__state_only,state_only,full,True,,23.0,1.173913043478261,5,0
T03__linear_order,linear_order,audit_only,False,,,,0,0
T03__linear_order,linear_order,field_match,True,,27.0,1.0,15,0
T03__linear_order,linear_order,field_match_compressed,True,,23.0,1.173913043478261,15,7
T03__linear_order,linear_order,full,True,,23.0,1.173913043478261,15,7
T04__intact,intact,audit_only,True,,30.0,1.1666666666666667,0,0
T04__intact,intact,field_match,True,,30.0,1.1666666666666667,0,0
T04__intact,intact,field_match_compressed,True,,30.0,1.1666666666666667,0,0
T04__intact,intact,full,True,,30.0,1.1666666666666667,0,0
T04__nodes_only,nodes_only,audit_only,False,,,,0,0
T04__nodes_only,nodes_only,field_match,True,,30.0,1.1666666666666667,27,0
T04__nodes_only,nodes_only,field_match_compressed,True,,30.0,1.1666666666666667,27,0
T04__nodes_only,nodes_only,full,True,,30.0,1.1666666666666667,26,0
T04__state_only,state_only,audit_only,False,,,,0,0
T04__state_only,state_only,field_match,True,,30.0,1.1666666666666667,11,0
T04__state_only,state_only,field_match_compressed,True,,30.0,1.1666666666666667,11,0
T04__state_only,state_only,full,True,,30.0,1.1666666666666667,10,0
T04__linear_order,linear_order,audit_only,False,,,,0,0
T04__linear_order,linear_order,field_match,True,,35.0,1.0,21,0
T04__linear_order,linear_order,field_match_compressed,True,,30.0,1.1666666666666667,21,10
T04__linear_order,linear_order,full,True,,30.0,1.1666666666666667,21,10
W01__intact,intact,audit_only,True,,14.0,1.0714285714285714,0,0
W01__intact,intact,field_match,True,,14.0,1.0714285714285714,0,0
W01__intact,intact,field_match_compressed,True,,14.0,1.0714285714285714,0,0
W01__intact,intact,full,True,,14.0,1.0714285714285714,0,0
W01__nodes_only,nodes_only,audit_only,False,,,,0,0
W01__nodes_only,nodes_only,field_match,True,,14.0,1.0714285714285714,15,0
W01__nodes_only,nodes_only,field_match_compressed,True,,14.0,1.0714285714285714,15,0
W01__nodes_only,nodes_only,full,True,,14.0,1.0714285714285714,15,0
W01__state_only,state_only,audit_only,False,,,,0,0
W01__state_only,state_only,field_match,True,,14.0,1.0714285714285714,8,0
W01__state_only,state_only,field_match_compressed,True,,14.0,1.0714285714285714,8,0
W01__state_only,state_only,full,True,,14.0,1.0714285714285714,8,0
W01__linear_order,linear_order,audit_only,False,,,,0,0
W01__linear_order,linear_order,field_match,True,,15.0,1.0,12,0
W01__linear_order,linear_order,field_match_compressed,True,,14.0,1.0714285714285714,12,4
W01__linear_order,linear_order,full,True,,14.0,1.0714285714285714,12,4
W02__intact,intact,audit_only,True,,11.0,1.5454545454545454,0,0
W02__intact,intact,field_match,True,,11.0,1.5454545454545454,0,0
W02__intact,intact,field_match_compressed,True,,11.0,1.5454545454545454,0,0
W02__intact,intact,full,True,,11.0,1.5454545454545454,0,0
W02__nodes_only,nodes_only,audit_only,False,,,,0,0
W02__nodes_only,nodes_only,field_match,True,,11.0,1.5454545454545454,10,0
W02__nodes_only,nodes_only,field_match_compressed,True,,11.0,1.5454545454545454,10,0
W02__nodes_only,nodes_only,full,True,,11.0,1.5454545454545454,10,0
W02__state_only,state_only,audit_only,False,,,,0,0
W02__state_only,state_only,field_match,True,,11.0,1.5454545454545454,2,0
W02__state_only,state_only,field_match_compressed,True,,11.0,1.5454545454545454,2,0
W02__state_only,state_only,full,True,,11.0,1.5454545454545454,2,0
W02__linear_order,linear_order,audit_only,False,,,,0,0
W02__linear_order,linear_order,field_match,True,,17.0,1.0,8,0
W02__linear_order,linear_order,field_match_compressed,True,,11.0,1.5454545454545454,8,6
W02__linear_order,linear_order,full,True,,11.0,1.5454545454545454,8,6
W03__intact,intact,audit_only,True,,23.0,1.173913043478261,0,0
W03__intact,intact,field_match,True,,23.0,1.173913043478261,0,0
W03__intact,intact,field_match_compressed,True,,23.0,1.173913043478261,0,0
W03__intact,intact,full,True,,23.0,1.173913043478261,0,0
W03__nodes_only,nodes_only,audit_only,False,,,,0,0
W03__nodes_only,nodes_only,field_match,True,,23.0,1.173913043478261,29,0
W03__nodes_only,nodes_only,field_match_compressed,True,,23.0,1.173913043478261,29,0
W03__nodes_only,nodes_only,full,True,,23.0,1.173913043478261,25,0
W03__state_only,state_only,audit_only,False,,,,0,0
W03__state_only,state_only,field_match,True,,23.0,1.173913043478261,14,0
W03__state_only,state_only,field_match_compressed,True,,23.0,1.173913043478261,14,0
W03__state_only,state_only,full,True,,23.0,1.173913043478261,10,0
W03__linear_order,linear_order,audit_only,False,,,,0,0
W03__linear_order,linear_order,field_match,True,,27.0,1.0,17,0
W03__linear_order,linear_order,field_match_compressed,True,,23.0,1.173913043478261,17,8
W03__linear_order,linear_order,full,True,,23.0,1.173913043478261,17,8
W04__intact,intact,audit_only,True,,19.0,1.105263157894737,0,0
W04__intact,intact,field_match,True,,19.0,1.105263157894737,0,0
W04__intact,intact,field_match_compressed,True,,19.0,1.105263157894737,0,0
W04__intact,intact,full,True,,19.0,1.105263157894737,0,0
W04__nodes_only,nodes_only,audit_only,False,,,,0,0
W04__nodes_only,nodes_only,field_match,True,,19.0,1.105263157894737,21,0
W04__nodes_only,nodes_only,field_match_compressed,True,,19.0,1.105263157894737,21,0
W04__nodes_only,nodes_only,full,True,,19.0,1.105263157894737,21,0
W04__state_only,state_only,audit_only,False,,,,0,0
W04__state_only,state_only,field_match,True,,19.0,1.105263157894737,7,0
W04__state_only,state_only,field_match_compressed,True,,19.0,1.105263157894737,7,0
W04__state_only,state_only,full,True,,19.0,1.105263157894737,7,0
W04__linear_order,linear_order,audit_only,False,,,,0,0
W04__linear_order,linear_order,field_match,True,,21.0,1.0,15,0
W04__linear_order,linear_order,field_match_compressed,True,,19.0,1.105263157894737,15,8
W04__linear_order,linear_order,full,True,,19.0,1.105263157894737,15,8
