task_id,event_index,stage,action,accepted,source,target,edge_type,state,resource,reason,before_critical_path,after_critical_path
A01,1,synchronization,remove_synchronization,True,t1,t3,synchronization,base_located,,rebuild exact synchronization set for base_located,,
A01,2,synchronization,remove_synchronization,True,t2,t3,synchronization,bracket_prepared,,rebuild exact synchronization set for bracket_prepared,,
A01,3,synchronization,add_synchronization,True,t1,t3,synchronization,base_located,,cooperative input state base_located,,
A01,4,synchronization,add_synchronization,True,t2,t3,synchronization,bracket_prepared,,cooperative input state bracket_prepared,,
A03,1,synchronization,remove_synchronization,True,t4,t5,synchronization,gasket_seated,,rebuild exact synchronization set for gasket_seated,,
A03,2,synchronization,remove_synchronization,True,t2,t5,synchronization,cover_checked,,rebuild exact synchronization set for cover_checked,,
A03,3,synchronization,remove_synchronization,True,t8,t9,synchronization,housing_leak_checked,,rebuild exact synchronization set for housing_leak_checked,,
A03,4,synchronization,add_synchronization,True,t2,t5,synchronization,cover_checked,,cooperative input state cover_checked,,
A03,5,synchronization,add_synchronization,True,t4,t5,synchronization,gasket_seated,,cooperative input state gasket_seated,,
A03,6,synchronization,add_synchronization,True,t8,t9,synchronization,housing_leak_checked,,cooperative input state housing_leak_checked,,
A04,1,synchronization,remove_synchronization,True,t9,t11,synchronization,left_branch_tested,,rebuild exact synchronization set for left_branch_tested,,
A04,2,synchronization,remove_synchronization,True,t10,t11,synchronization,right_branch_tested,,rebuild exact synchronization set for right_branch_tested,,
A04,3,synchronization,add_synchronization,True,t9,t11,synchronization,left_branch_tested,,cooperative input state left_branch_tested,,
A04,4,synchronization,add_synchronization,True,t10,t11,synchronization,right_branch_tested,,cooperative input state right_branch_tested,,
I02,1,synchronization,remove_synchronization,True,t1,t5,synchronization,bench_checked,,rebuild exact synchronization set for bench_checked,,
I02,2,synchronization,remove_synchronization,True,t2,t5,synchronization,module_prepared,,rebuild exact synchronization set for module_prepared,,
I02,3,synchronization,remove_synchronization,True,t9,t10,synchronization,module_test_archived,,rebuild exact synchronization set for module_test_archived,,
I02,4,synchronization,add_synchronization,True,t1,t5,synchronization,bench_checked,,cooperative input state bench_checked,,
I02,5,synchronization,add_synchronization,True,t2,t5,synchronization,module_prepared,,cooperative input state module_prepared,,
I02,6,synchronization,add_synchronization,True,t9,t10,synchronization,module_test_archived,,cooperative input state module_test_archived,,
I03,1,synchronization,remove_synchronization,True,t4,t6,synchronization,large_top_imaged,,rebuild exact synchronization set for large_top_imaged,,
I03,2,synchronization,add_synchronization,True,t4,t6,synchronization,large_top_imaged,,cooperative input state large_top_imaged,,
I04,1,synchronization,remove_synchronization,True,t1,t5,synchronization,assembly_serial_checked,,rebuild exact synchronization set for assembly_serial_checked,,
I04,2,synchronization,remove_synchronization,True,t9,t10,synchronization,assembly_tagged,,rebuild exact synchronization set for assembly_tagged,,
I04,3,synchronization,add_synchronization,True,t1,t5,synchronization,assembly_serial_checked,,cooperative input state assembly_serial_checked,,
I04,4,synchronization,add_synchronization,True,t9,t10,synchronization,assembly_tagged,,cooperative input state assembly_tagged,,
P01,1,synchronization,remove_synchronization,True,t4,t5,synchronization,carton_cushioned,,rebuild exact synchronization set for carton_cushioned,,
P01,2,synchronization,remove_synchronization,True,t3,t5,synchronization,instrument_prepared,,rebuild exact synchronization set for instrument_prepared,,
P01,3,synchronization,add_synchronization,True,t4,t5,synchronization,carton_cushioned,,cooperative input state carton_cushioned,,
P01,4,synchronization,add_synchronization,True,t3,t5,synchronization,instrument_prepared,,cooperative input state instrument_prepared,,
P02,1,synchronization,remove_synchronization,True,t1,t7,synchronization,compartment_box_ready,,rebuild exact synchronization set for compartment_box_ready,,
P02,2,synchronization,remove_synchronization,True,t4,t7,synchronization,tray_a_loaded,,rebuild exact synchronization set for tray_a_loaded,,
P02,3,synchronization,remove_synchronization,True,t5,t7,synchronization,tray_b_loaded,,rebuild exact synchronization set for tray_b_loaded,,
P02,4,synchronization,add_synchronization,True,t1,t7,synchronization,compartment_box_ready,,cooperative input state compartment_box_ready,,
P02,5,synchronization,add_synchronization,True,t4,t7,synchronization,tray_a_loaded,,cooperative input state tray_a_loaded,,
P02,6,synchronization,add_synchronization,True,t5,t7,synchronization,tray_b_loaded,,cooperative input state tray_b_loaded,,
P03,1,synchronization,remove_synchronization,True,t4,t7,synchronization,unit_protected,,rebuild exact synchronization set for unit_protected,,
P03,2,synchronization,add_synchronization,True,t4,t7,synchronization,unit_protected,,cooperative input state unit_protected,,
P04,1,synchronization,remove_synchronization,True,t5,t8,synchronization,container_a_complete,,rebuild exact synchronization set for container_a_complete,,
P04,2,synchronization,remove_synchronization,True,t8,t9,synchronization,container_a_loaded,,rebuild exact synchronization set for container_a_loaded,,
P04,3,synchronization,remove_synchronization,True,t6,t9,synchronization,container_b_complete,,rebuild exact synchronization set for container_b_complete,,
P04,4,synchronization,add_synchronization,True,t5,t8,synchronization,container_a_complete,,cooperative input state container_a_complete,,
P04,5,synchronization,add_synchronization,True,t8,t9,synchronization,container_a_loaded,,cooperative input state container_a_loaded,,
P04,6,synchronization,add_synchronization,True,t6,t9,synchronization,container_b_complete,,cooperative input state container_b_complete,,
S04,1,synchronization,remove_synchronization,True,t4,t9,synchronization,large_item_identified,,rebuild exact synchronization set for large_item_identified,,
S04,2,synchronization,add_synchronization,True,t4,t9,synchronization,large_item_identified,,cooperative input state large_item_identified,,
T01,1,synchronization,remove_synchronization,True,t4,t5,synchronization,old_fixture_unfastened,,rebuild exact synchronization set for old_fixture_unfastened,,
T01,2,synchronization,remove_synchronization,True,t5,t6,synchronization,old_fixture_removed,,rebuild exact synchronization set for old_fixture_removed,,
T01,3,synchronization,remove_synchronization,True,t2,t6,synchronization,new_fixture_prepared,,rebuild exact synchronization set for new_fixture_prepared,,
T01,4,synchronization,add_synchronization,True,t4,t5,synchronization,old_fixture_unfastened,,cooperative input state old_fixture_unfastened,,
T01,5,synchronization,add_synchronization,True,t2,t6,synchronization,new_fixture_prepared,,cooperative input state new_fixture_prepared,,
T01,6,synchronization,add_synchronization,True,t5,t6,synchronization,old_fixture_removed,,cooperative input state old_fixture_removed,,
T03,1,synchronization,remove_synchronization,True,t1,t3,synchronization,left_leftovers_collected,,rebuild exact synchronization set for left_leftovers_collected,,
T03,2,synchronization,remove_synchronization,True,t2,t3,synchronization,right_leftovers_collected,,rebuild exact synchronization set for right_leftovers_collected,,
T03,3,synchronization,add_synchronization,True,t1,t3,synchronization,left_leftovers_collected,,cooperative input state left_leftovers_collected,,
T03,4,synchronization,add_synchronization,True,t2,t3,synchronization,right_leftovers_collected,,cooperative input state right_leftovers_collected,,
T04,1,synchronization,remove_synchronization,True,t1,t5,synchronization,tooling_identity_verified,,rebuild exact synchronization set for tooling_identity_verified,,
T04,2,synchronization,remove_synchronization,True,t4,t5,synchronization,table_supports_ready,,rebuild exact synchronization set for table_supports_ready,,
T04,3,synchronization,remove_synchronization,True,t3,t5,synchronization,transport_tray_confirmed,,rebuild exact synchronization set for transport_tray_confirmed,,
T04,4,synchronization,remove_synchronization,True,t10,t12,synchronization,accessory_a_tested,,rebuild exact synchronization set for accessory_a_tested,,
T04,5,synchronization,remove_synchronization,True,t11,t12,synchronization,accessory_b_tested,,rebuild exact synchronization set for accessory_b_tested,,
T04,6,synchronization,add_synchronization,True,t4,t5,synchronization,table_supports_ready,,cooperative input state table_supports_ready,,
T04,7,synchronization,add_synchronization,True,t1,t5,synchronization,tooling_identity_verified,,cooperative input state tooling_identity_verified,,
T04,8,synchronization,add_synchronization,True,t3,t5,synchronization,transport_tray_confirmed,,cooperative input state transport_tray_confirmed,,
T04,9,synchronization,add_synchronization,True,t10,t12,synchronization,accessory_a_tested,,cooperative input state accessory_a_tested,,
T04,10,synchronization,add_synchronization,True,t11,t12,synchronization,accessory_b_tested,,cooperative input state accessory_b_tested,,
W01,1,synchronization,remove_synchronization,True,t1,t5,synchronization,source_a_identified,,rebuild exact synchronization set for source_a_identified,,
W01,2,synchronization,remove_synchronization,True,t3,t5,synchronization,target_left_prepared,,rebuild exact synchronization set for target_left_prepared,,
W01,3,synchronization,remove_synchronization,True,t2,t6,synchronization,source_b_identified,,rebuild exact synchronization set for source_b_identified,,
W01,4,synchronization,remove_synchronization,True,t4,t6,synchronization,target_right_prepared,,rebuild exact synchronization set for target_right_prepared,,
W01,5,synchronization,remove_synchronization,True,t5,t6,synchronization,source_a_transferred,,rebuild exact synchronization set for source_a_transferred,,
W01,6,synchronization,add_synchronization,True,t1,t5,synchronization,source_a_identified,,cooperative input state source_a_identified,,
W01,7,synchronization,add_synchronization,True,t3,t5,synchronization,target_left_prepared,,cooperative input state target_left_prepared,,
W01,8,synchronization,add_synchronization,True,t5,t6,synchronization,source_a_transferred,,cooperative input state source_a_transferred,,
W01,9,synchronization,add_synchronization,True,t2,t6,synchronization,source_b_identified,,cooperative input state source_b_identified,,
W01,10,synchronization,add_synchronization,True,t4,t6,synchronization,target_right_prepared,,cooperative input state target_right_prepared,,
W03,1,synchronization,remove_synchronization,True,t1,t6,synchronization,pallet_checked,,rebuild exact synchronization set for pallet_checked,,
W03,2,synchronization,remove_synchronization,True,t2,t6,synchronization,load_prepared,,rebuild exact synchronization set for load_prepared,,
W03,3,synchronization,add_synchronization,True,t2,t6,synchronization,load_prepared,,cooperative input state load_prepared,,
W03,4,synchronization,add_synchronization,True,t1,t6,synchronization,pallet_checked,,cooperative input state pallet_checked,,
W04,1,synchronization,remove_synchronization,True,t11,t12,synchronization,order_kit_complete,,rebuild exact synchronization set for order_kit_complete,,
W04,2,synchronization,add_synchronization,True,t11,t12,synchronization,order_kit_complete,,cooperative input state order_kit_complete,,
