task_id,domain,title,nodes,cooperative_nodes,flexible_single_nodes,raw_protocol_valid,parsed,before_joint_valid,before_strict_accepted,full_accepted,no_compression_accepted,raw_E_state,raw_E_sync,raw_E_mutex,raw_E_order,before_closure_rate,before_parallel_pairs,before_resource_conflict_pairs,serial_duration,cooperative_duration,before_makespan,full_replay_valid,full_export_valid,full_makespan,no_compression_replay_valid,no_compression_export_valid,no_compression_makespan,after_joint_valid,after_closure_rate,after_resource_conflict_pairs,after_parallel_pairs,before_schema_valid,after_schema_valid,before_closed,after_closed,before_goal_reachable,after_goal_reachable,before_acyclic,after_acyclic,before_synchronization_complete,after_synchronization_complete,before_resource_ordered,after_resource_ordered,accepted_events,rejected_events,state_closure_accepted_events,state_closure_rejected_events,synchronization_accepted_events,synchronization_rejected_events,resource_mutex_accepted_events,resource_mutex_rejected_events,compression_accepted_events,compression_rejected_events,speedup_vs_same_nodes_serial,relative_duration_reduction_vs_serial,executor_utilization,left_busy_time,right_busy_time,scheduled_overlap_pairs,critical_path_duration,makespan_reduction_vs_raw_strict,compression_makespan_reduction,compression_graph_same
A01,assembly,支架与底座装配,7,1,2,True,True,True,True,True,True,7,2,1,0,1.0,1,0,14.0,3.0,12.0,True,True,12.0,True,True,12.0,True,1.0,0,1,True,True,True,True,True,True,True,True,True,True,True,True,4,0,0,0,4,0,0,0,0,0,1.1666666666666667,0.1428571428571429,0.7083333333333334,10.0,7.0,1,12.0,0.0,0.0,True
A02,assembly,传感器模块安装,9,0,3,True,True,True,True,True,True,9,0,0,0,1.0,6,0,22.0,0,19.0,True,True,19.0,True,True,19.0,True,1.0,0,6,True,True,True,True,True,True,True,True,True,True,True,True,0,0,0,0,0,0,0,0,0,0,1.1578947368421053,0.13636363636363635,0.5789473684210527,12.0,10.0,2,17.0,0.0,0.0,True
A03,assembly,密封壳体装配,9,2,1,True,True,True,True,True,True,9,3,1,0,1.0,3,0,22.0,6.0,19.0,True,True,19.0,True,True,19.0,True,1.0,0,3,True,True,True,True,True,True,True,True,True,True,True,True,6,0,0,0,6,0,0,0,0,0,1.1578947368421053,0.13636363636363635,0.7368421052631579,17.0,11.0,2,19.0,0.0,0.0,True
A04,assembly,双支路线束面板装配,13,1,3,True,True,True,True,True,True,13,2,3,0,1.0,19,0,28.0,3.0,19.0,True,True,19.0,True,True,19.0,True,1.0,0,19,True,True,True,True,True,True,True,True,True,True,True,True,4,0,0,0,4,0,0,0,0,0,1.4736842105263157,0.3214285714285714,0.8157894736842105,14.0,17.0,5,18.0,0.0,0.0,True
I01,inspection,两零件尺寸检测,8,0,2,True,True,True,True,True,True,9,0,2,0,1.0,6,0,13.0,0,12.0,True,True,12.0,True,True,12.0,True,1.0,0,6,True,True,True,True,True,True,True,True,True,True,True,True,0,0,0,0,0,0,0,0,0,0,1.0833333333333333,0.07692307692307687,0.5416666666666666,8.0,5.0,1,10.0,0.0,0.0,True
I02,inspection,电气模块台架检验,10,2,1,True,True,True,True,True,True,11,3,1,0,1.0,6,0,25.0,6.0,22.0,True,True,22.0,True,True,22.0,True,1.0,0,6,True,True,True,True,True,True,True,True,True,True,True,True,6,0,0,0,6,0,0,0,0,0,1.1363636363636365,0.12,0.7045454545454546,13.0,18.0,2,20.0,0.0,0.0,True
I03,inspection,两工件视觉外观检验,13,1,2,True,True,True,True,True,True,16,1,4,0,1.0,5,0,23.0,3.0,20.0,True,True,20.0,True,True,20.0,True,1.0,0,5,True,True,True,True,True,True,True,True,True,True,True,True,2,0,0,0,2,0,0,0,0,0,1.15,0.13043478260869568,0.65,13.0,13.0,3,17.0,0.0,0.0,True
I04,inspection,装配件追溯复核,10,2,1,True,True,True,True,True,True,10,2,3,0,1.0,5,0,19.0,6.0,18.0,True,True,18.0,True,True,18.0,True,1.0,0,5,True,True,True,True,True,True,True,True,True,True,True,True,4,0,0,0,4,0,0,0,0,0,1.0555555555555556,0.052631578947368474,0.6944444444444444,13.0,12.0,1,14.0,0.0,0.0,True
P01,packaging,易碎仪表包装,8,1,1,True,True,True,True,True,True,7,2,0,0,1.0,3,0,15.0,3.0,12.0,True,True,12.0,True,True,12.0,True,1.0,0,3,True,True,True,True,True,True,True,True,True,True,True,True,4,0,0,0,4,0,0,0,0,0,1.25,0.19999999999999996,0.75,10.0,8.0,3,12.0,0.0,0.0,True
P02,packaging,双隔舱备件套装,11,1,3,True,True,True,True,True,True,10,3,1,0,1.0,10,0,21.0,3.0,15.0,True,True,15.0,True,True,15.0,True,1.0,0,10,True,True,True,True,True,True,True,True,True,True,True,True,6,0,0,0,6,0,0,0,0,0,1.4,0.2857142857142857,0.8,13.0,11.0,5,15.0,0.0,0.0,True
P03,packaging,退回设备附件打包,11,1,1,True,True,True,True,True,True,10,1,2,0,1.0,9,0,18.0,3.0,14.0,True,True,14.0,True,True,14.0,True,1.0,0,9,True,True,True,True,True,True,True,True,True,True,True,True,2,0,0,0,2,0,0,0,0,0,1.2857142857142858,0.2222222222222222,0.75,11.0,10.0,4,13.0,0.0,0.0,True
P04,packaging,双容器保温运输箱,13,2,2,True,True,True,True,True,True,12,3,1,0,1.0,12,0,23.0,6.0,18.0,True,True,18.0,True,True,18.0,True,1.0,0,12,True,True,True,True,True,True,True,True,True,True,True,True,6,0,0,0,6,0,0,0,0,0,1.2777777777777777,0.21739130434782605,0.8055555555555556,16.0,13.0,3,17.0,0.0,0.0,True
S01,sorting,三类包裹分拣,7,0,2,True,True,True,True,True,True,6,0,2,0,1.0,6,0,13.0,0,9.0,True,True,9.0,True,True,9.0,True,1.0,0,6,True,True,True,True,True,True,True,True,True,True,True,True,0,0,0,0,0,0,0,0,0,0,1.4444444444444444,0.3076923076923077,0.7222222222222222,6.0,7.0,2,9.0,0.0,0.0,True
S02,sorting,返修件与合格件分流,9,0,1,True,True,True,True,True,True,10,0,3,0,1.0,7,0,15.0,0,11.0,True,True,11.0,True,True,11.0,True,1.0,0,7,True,True,True,True,True,True,True,True,True,True,True,True,0,0,0,0,0,0,0,0,0,0,1.3636363636363635,0.2666666666666667,0.6818181818181818,8.0,7.0,3,11.0,0.0,0.0,True
S03,sorting,三组紧固件配对,11,0,3,True,True,True,True,True,True,13,0,2,0,1.0,15,0,21.0,0,17.0,True,True,17.0,True,True,17.0,True,1.0,0,15,True,True,True,True,True,True,True,True,True,True,True,True,0,0,0,0,0,0,0,0,0,0,1.2352941176470589,0.19047619047619047,0.6176470588235294,12.0,9.0,3,15.0,0.0,0.0,True
S04,sorting,易碎件分区与追溯,16,1,4,True,True,True,True,True,True,18,1,4,0,1.0,33,0,22.0,3.0,16.0,True,True,16.0,True,True,16.0,True,1.0,0,33,True,True,True,True,True,True,True,True,True,True,True,True,2,0,0,0,2,0,0,0,0,0,1.375,0.2727272727272727,0.78125,12.0,13.0,5,10.0,0.0,0.0,True
T01,workcell_preparation,定位夹具换装,9,2,2,True,True,True,True,True,True,10,3,1,0,1.0,5,0,27.0,7.0,24.0,True,True,24.0,True,True,24.0,True,1.0,0,5,True,True,True,True,True,True,True,True,True,True,True,True,6,0,0,0,6,0,0,0,0,0,1.125,0.11111111111111116,0.7083333333333334,21.0,13.0,2,22.0,0.0,0.0,True
T02,workcell_preparation,两工具校准准备,11,0,3,True,True,True,True,True,True,13,0,3,0,1.0,16,0,24.0,0,17.0,True,True,17.0,True,True,17.0,True,1.0,0,16,True,True,True,True,True,True,True,True,True,True,True,True,0,0,0,0,0,0,0,0,0,0,1.411764705882353,0.29166666666666663,0.7058823529411765,15.0,9.0,5,15.0,0.0,0.0,True
T03,workcell_preparation,工位清场与备料,11,1,2,True,True,True,True,True,True,13,2,3,0,1.0,7,0,27.0,3.0,23.0,True,True,23.0,True,True,23.0,True,1.0,0,7,True,True,True,True,True,True,True,True,True,True,True,True,4,0,0,0,4,0,0,0,0,0,1.173913043478261,0.14814814814814814,0.6521739130434783,17.0,13.0,3,21.0,0.0,0.0,True
T04,workcell_preparation,双阶段工装交接,14,2,2,True,True,True,True,True,True,16,5,3,0,1.0,12,0,35.0,8.0,30.0,True,True,30.0,True,True,30.0,True,1.0,0,12,True,True,True,True,True,True,True,True,True,True,True,True,10,0,0,0,10,0,0,0,0,0,1.1666666666666667,0.1428571428571429,0.7166666666666667,21.0,22.0,3,28.0,0.0,0.0,True
W01,warehouse,两个周转盒合并,8,2,1,True,True,True,True,True,True,7,5,3,0,1.0,2,0,15.0,6.0,14.0,True,True,14.0,True,True,14.0,True,1.0,0,2,True,True,True,True,True,True,True,True,True,True,True,True,10,0,0,0,10,0,0,0,0,0,1.0714285714285714,0.06666666666666665,0.75,11.0,10.0,1,13.0,0.0,0.0,True
W02,warehouse,两货位补货,9,0,1,True,True,True,True,True,True,8,0,2,0,1.0,10,0,17.0,0,11.0,True,True,11.0,True,True,11.0,True,1.0,0,10,True,True,True,True,True,True,True,True,True,True,True,True,0,0,0,0,0,0,0,0,0,0,1.5454545454545454,0.3529411764705882,0.7727272727272727,9.0,8.0,4,10.0,0.0,0.0,True
W03,warehouse,托盘大件固定,14,1,2,True,True,True,True,True,True,15,2,5,0,1.0,11,0,27.0,4.0,23.0,True,True,23.0,True,True,23.0,True,1.0,0,11,True,True,True,True,True,True,True,True,True,True,True,True,4,0,0,0,4,0,0,0,0,0,1.173913043478261,0.14814814814814814,0.6739130434782609,17.0,14.0,3,22.0,0.0,0.0,True
W04,warehouse,三来源订单齐套,13,1,3,True,True,True,True,True,True,14,1,4,0,1.0,16,0,21.0,3.0,19.0,True,True,19.0,True,True,19.0,True,1.0,0,16,True,True,True,True,True,True,True,True,True,True,True,True,2,0,0,0,2,0,0,0,0,0,1.105263157894737,0.09523809523809523,0.631578947368421,16.0,8.0,1,12.0,0.0,0.0,True
