task,profile,method,accepted,expected_goal_reachable,independent_acceptance_valid,makespan_s,state_edges,sync_edges,resource_edges,order_edges
T01,fields_only,audit_only,False,True,False,,0,0,0,0
T01,fields_only,field_match_compressed,True,True,True,12.0,2,0,0,0
T01,fields_only,full,True,True,True,12.0,2,0,0,0
T01,wrong_labels,audit_only,False,True,False,,2,0,0,0
T01,wrong_labels,field_match_compressed,True,True,True,12.0,2,0,0,0
T01,wrong_labels,full,True,True,True,12.0,2,0,0,0
T01,conservative_order,audit_only,True,True,True,24.0,2,0,0,3
T01,conservative_order,field_match_compressed,True,True,True,12.0,2,0,0,0
T01,conservative_order,full,True,True,True,12.0,2,0,0,0
T01,missing_producer,audit_only,False,False,False,,1,0,0,0
T01,missing_producer,field_match_compressed,False,False,False,,1,0,0,0
T01,missing_producer,full,False,False,False,,1,0,0,0
T02,fields_only,audit_only,False,True,False,,0,0,0,0
T02,fields_only,field_match_compressed,True,True,True,28.0,4,0,1,0
T02,fields_only,full,True,True,True,28.0,4,0,1,0
T02,wrong_labels,audit_only,False,True,False,,4,0,0,0
T02,wrong_labels,field_match_compressed,True,True,True,28.0,4,0,1,0
T02,wrong_labels,full,True,True,True,28.0,4,0,1,0
T02,conservative_order,audit_only,True,True,True,40.0,4,0,0,5
T02,conservative_order,field_match_compressed,True,True,True,34.0,4,0,0,1
T02,conservative_order,full,True,True,True,34.0,4,0,0,1
T02,missing_producer,audit_only,False,False,False,,3,0,0,0
T02,missing_producer,field_match_compressed,False,False,False,,3,0,1,0
T02,missing_producer,full,False,False,False,,3,0,1,0
T03,fields_only,audit_only,False,True,False,,0,0,0,0
T03,fields_only,field_match_compressed,True,True,True,12.0,4,0,0,0
T03,fields_only,full,True,True,True,12.0,4,0,0,0
T03,wrong_labels,audit_only,False,True,False,,4,0,0,0
T03,wrong_labels,field_match_compressed,True,True,True,12.0,4,0,0,0
T03,wrong_labels,full,True,True,True,12.0,4,0,0,0
T03,conservative_order,audit_only,True,True,True,24.0,4,0,0,3
T03,conservative_order,field_match_compressed,True,True,True,12.0,4,0,0,0
T03,conservative_order,full,True,True,True,12.0,4,0,0,0
T03,missing_producer,audit_only,False,False,False,,2,0,0,0
T03,missing_producer,field_match_compressed,False,False,False,,2,0,0,0
T03,missing_producer,full,False,False,False,,2,0,0,0
T04,fields_only,audit_only,False,True,False,,0,0,0,0
T04,fields_only,field_match_compressed,True,True,True,44.0,6,0,4,0
T04,fields_only,full,True,True,True,44.0,6,0,3,0
T04,wrong_labels,audit_only,False,True,False,,6,0,0,0
T04,wrong_labels,field_match_compressed,True,True,True,44.0,6,0,4,0
T04,wrong_labels,full,True,True,True,44.0,6,0,3,0
T04,conservative_order,audit_only,True,True,True,56.0,6,0,0,7
T04,conservative_order,field_match_compressed,True,True,True,50.0,6,0,0,1
T04,conservative_order,full,True,True,True,50.0,6,0,0,1
T04,missing_producer,audit_only,False,False,False,,5,0,0,0
T04,missing_producer,field_match_compressed,False,False,False,,5,0,4,0
T04,missing_producer,full,False,False,False,,5,0,3,0
T05,fields_only,audit_only,False,True,False,,0,0,0,0
T05,fields_only,field_match_compressed,True,True,True,17.0,4,2,0,0
T05,fields_only,full,True,True,True,17.0,4,2,0,0
T05,wrong_labels,audit_only,False,True,False,,4,2,0,0
T05,wrong_labels,field_match_compressed,True,True,True,17.0,4,2,0,0
T05,wrong_labels,full,True,True,True,17.0,4,2,0,0
T05,conservative_order,audit_only,True,True,True,22.0,4,2,0,4
T05,conservative_order,field_match_compressed,True,True,True,17.0,4,2,0,0
T05,conservative_order,full,True,True,True,17.0,4,2,0,0
T05,missing_producer,audit_only,False,False,False,,0,0,0,0
T05,missing_producer,field_match_compressed,False,False,False,,0,0,0,0
T05,missing_producer,full,False,False,False,,0,0,0,0
T06,fields_only,audit_only,False,True,False,,0,0,0,0
T06,fields_only,field_match_compressed,True,True,True,29.0,5,3,0,0
T06,fields_only,full,True,True,True,29.0,5,3,0,0
T06,wrong_labels,audit_only,False,True,False,,5,3,0,0
T06,wrong_labels,field_match_compressed,True,True,True,29.0,5,3,0,0
T06,wrong_labels,full,True,True,True,29.0,5,3,0,0
T06,conservative_order,audit_only,True,True,True,34.0,5,3,0,5
T06,conservative_order,field_match_compressed,True,True,True,29.0,5,3,0,0
T06,conservative_order,full,True,True,True,29.0,5,3,0,0
T06,missing_producer,audit_only,False,False,False,,2,2,0,0
T06,missing_producer,field_match_compressed,False,False,False,,2,2,0,0
T06,missing_producer,full,False,False,False,,2,2,0,0
T07,fields_only,audit_only,False,True,False,,0,0,0,0
T07,fields_only,field_match_compressed,True,True,True,29.0,10,2,0,0
T07,fields_only,full,True,True,True,29.0,10,2,0,0
T07,wrong_labels,audit_only,False,True,False,,10,2,0,0
T07,wrong_labels,field_match_compressed,True,True,True,29.0,10,2,0,0
T07,wrong_labels,full,True,True,True,29.0,10,2,0,0
T07,conservative_order,audit_only,True,True,True,46.0,10,2,0,8
T07,conservative_order,field_match_compressed,True,True,True,29.0,10,2,0,0
T07,conservative_order,full,True,True,True,29.0,10,2,0,0
T07,missing_producer,audit_only,False,False,False,,7,2,0,0
T07,missing_producer,field_match_compressed,False,False,False,,7,2,0,0
T07,missing_producer,full,False,False,False,,7,2,0,0
T08,fields_only,audit_only,False,True,False,,0,0,0,0
T08,fields_only,field_match_compressed,True,True,True,29.0,10,2,0,0
T08,fields_only,full,True,True,True,29.0,10,2,0,0
T08,wrong_labels,audit_only,False,True,False,,10,2,0,0
T08,wrong_labels,field_match_compressed,True,True,True,29.0,10,2,0,0
T08,wrong_labels,full,True,True,True,29.0,10,2,0,0
T08,conservative_order,audit_only,True,True,True,46.0,10,2,0,8
T08,conservative_order,field_match_compressed,True,True,True,29.0,10,2,0,0
T08,conservative_order,full,True,True,True,29.0,10,2,0,0
T08,missing_producer,audit_only,False,False,False,,6,0,0,0
T08,missing_producer,field_match_compressed,False,False,False,,6,0,0,0
T08,missing_producer,full,False,False,False,,6,0,0,0
