id,base_id,fraction,seed,realized_fraction,method,nodes,cooperative_nodes,before_joint,after_joint,accepted,accepted_events,rejected_events,net_added,net_removed,replay_valid,export_valid,independent_graph_valid,makespan,speedup,utilization,before_schema_valid,before_closed,before_goal_reachable,before_acyclic,before_synchronization_complete,before_resource_ordered,after_schema_valid,after_closed,after_goal_reachable,after_acyclic,after_synchronization_complete,after_resource_ordered,state_closure_accepted_events,synchronization_accepted_events,resource_mutex_accepted_events,compression_accepted_events,serial_duration,duration_reduction
A01__drop0.1__seed11,A01,0.1,11,0.1,full,7,1,False,True,True,3,0,1,0,True,True,True,12.0,1.1666666666666667,0.7083333333333334,True,True,True,True,False,True,True,True,True,True,True,True,0,3,0,0,14.0,0.1428571428571429
A01__drop0.1__seed29,A01,0.1,29,0.1,full,7,1,False,True,True,5,0,1,0,True,True,True,12.0,1.1666666666666667,0.7083333333333334,True,False,False,True,False,True,True,True,True,True,True,True,1,4,0,0,14.0,0.1428571428571429
A01__drop0.1__seed47,A01,0.1,47,0.1,full,7,1,False,True,True,6,0,2,0,True,True,True,12.0,1.1666666666666667,0.7083333333333334,True,True,True,True,True,False,True,True,True,True,True,True,0,4,2,0,14.0,0.1428571428571429
A01__drop0.3__seed11,A01,0.3,11,0.3,full,7,1,False,True,True,7,0,3,0,True,True,True,12.0,1.1666666666666667,0.7083333333333334,True,False,False,True,False,False,True,True,True,True,True,True,3,4,0,0,14.0,0.1428571428571429
A01__drop0.3__seed29,A01,0.3,29,0.3,full,7,1,False,True,True,8,0,4,0,True,True,True,12.0,1.1666666666666667,0.7083333333333334,True,False,False,True,False,False,True,True,True,True,True,True,2,4,2,0,14.0,0.1428571428571429
A01__drop0.3__seed47,A01,0.3,47,0.3,full,7,1,False,True,True,5,0,3,0,True,True,True,12.0,1.1666666666666667,0.7083333333333334,True,False,False,True,False,False,True,True,True,True,True,True,2,3,0,0,14.0,0.1428571428571429
A01__drop0.5__seed11,A01,0.5,11,0.5,full,7,1,False,True,True,7,0,5,0,True,True,True,12.0,1.1666666666666667,0.7083333333333334,True,False,False,True,False,False,True,True,True,True,True,True,4,3,0,0,14.0,0.1428571428571429
A01__drop0.5__seed29,A01,0.5,29,0.5,full,7,1,False,True,True,9,0,5,0,True,True,True,12.0,1.1666666666666667,0.7083333333333334,True,False,False,True,False,False,True,True,True,True,True,True,5,4,0,0,14.0,0.1428571428571429
A01__drop0.5__seed47,A01,0.5,47,0.5,full,7,1,False,True,True,7,0,5,0,True,True,True,12.0,1.1666666666666667,0.7083333333333334,True,False,False,True,False,False,True,True,True,True,True,True,4,3,0,0,14.0,0.1428571428571429
A02__drop0.1__seed11,A02,0.1,11,0.1111111111111111,full,9,0,False,True,True,1,0,1,0,True,True,True,19.0,1.1578947368421053,0.5789473684210527,True,False,False,True,True,False,True,True,True,True,True,True,1,0,0,0,22.0,0.13636363636363635
A02__drop0.1__seed29,A02,0.1,29,0.1111111111111111,full,9,0,False,True,True,1,0,1,0,True,True,True,19.0,1.1578947368421053,0.5789473684210527,True,False,False,True,True,True,True,True,True,True,True,True,1,0,0,0,22.0,0.13636363636363635
A02__drop0.1__seed47,A02,0.1,47,0.1111111111111111,full,9,0,False,True,True,1,0,1,0,True,True,True,19.0,1.1578947368421053,0.5789473684210527,True,False,False,True,True,False,True,True,True,True,True,True,1,0,0,0,22.0,0.13636363636363635
A02__drop0.3__seed11,A02,0.3,11,0.3333333333333333,full,9,0,False,True,True,3,0,3,0,True,True,True,19.0,1.1578947368421053,0.5789473684210527,True,False,False,True,True,False,True,True,True,True,True,True,3,0,0,0,22.0,0.13636363636363635
A02__drop0.3__seed29,A02,0.3,29,0.3333333333333333,full,9,0,False,True,True,3,0,3,0,True,True,True,19.0,1.1578947368421053,0.5789473684210527,True,False,False,True,True,False,True,True,True,True,True,True,3,0,0,0,22.0,0.13636363636363635
A02__drop0.3__seed47,A02,0.3,47,0.3333333333333333,full,9,0,False,True,True,3,0,3,0,True,True,True,19.0,1.1578947368421053,0.5789473684210527,True,False,False,True,True,False,True,True,True,True,True,True,3,0,0,0,22.0,0.13636363636363635
A02__drop0.5__seed11,A02,0.5,11,0.4444444444444444,full,9,0,False,True,True,4,0,4,0,True,True,True,19.0,1.1578947368421053,0.5789473684210527,True,False,False,True,True,False,True,True,True,True,True,True,4,0,0,0,22.0,0.13636363636363635
A02__drop0.5__seed29,A02,0.5,29,0.4444444444444444,full,9,0,False,True,True,4,0,4,0,True,True,True,19.0,1.1578947368421053,0.5789473684210527,True,False,False,True,True,False,True,True,True,True,True,True,4,0,0,0,22.0,0.13636363636363635
A02__drop0.5__seed47,A02,0.5,47,0.4444444444444444,full,9,0,False,True,True,4,0,4,0,True,True,True,19.0,1.1578947368421053,0.5789473684210527,True,False,False,True,True,False,True,True,True,True,True,True,4,0,0,0,22.0,0.13636363636363635
A03__drop0.1__seed11,A03,0.1,11,0.07692307692307693,full,9,2,False,True,True,7,0,1,0,True,True,True,19.0,1.1578947368421053,0.7368421052631579,True,False,False,True,True,True,True,True,True,True,True,True,1,6,0,0,22.0,0.13636363636363635
A03__drop0.1__seed29,A03,0.1,29,0.07692307692307693,full,9,2,False,True,True,7,0,1,0,True,True,True,19.0,1.1578947368421053,0.7368421052631579,True,False,False,True,True,True,True,True,True,True,True,True,1,6,0,0,22.0,0.13636363636363635
A03__drop0.1__seed47,A03,0.1,47,0.07692307692307693,full,9,2,False,True,True,5,0,1,0,True,True,True,19.0,1.1578947368421053,0.7368421052631579,True,True,True,True,False,True,True,True,True,True,True,True,0,5,0,0,22.0,0.13636363636363635
A03__drop0.3__seed11,A03,0.3,11,0.3076923076923077,full,9,2,False,True,True,6,0,4,0,True,True,True,19.0,1.1578947368421053,0.7368421052631579,True,False,False,True,False,True,True,True,True,True,True,True,2,4,0,0,22.0,0.13636363636363635
A03__drop0.3__seed29,A03,0.3,29,0.3076923076923077,full,9,2,False,True,True,8,0,4,0,True,True,True,19.0,1.1578947368421053,0.7368421052631579,True,False,False,True,False,True,True,True,True,True,True,True,3,5,0,0,22.0,0.13636363636363635
A03__drop0.3__seed47,A03,0.3,47,0.3076923076923077,full,9,2,False,True,True,8,0,4,0,True,True,True,19.0,1.1578947368421053,0.7368421052631579,True,False,False,True,False,False,True,True,True,True,True,True,3,5,0,0,22.0,0.13636363636363635
A03__drop0.5__seed11,A03,0.5,11,0.46153846153846156,full,9,2,False,True,True,9,0,7,0,True,True,True,19.0,1.1578947368421053,0.7368421052631579,True,False,False,True,False,False,True,True,True,True,True,True,3,4,2,0,22.0,0.13636363636363635
A03__drop0.5__seed29,A03,0.5,29,0.46153846153846156,full,9,2,False,True,True,12,0,6,0,True,True,True,19.0,1.1578947368421053,0.7368421052631579,True,False,False,True,False,False,True,True,True,True,True,True,6,6,0,0,22.0,0.13636363636363635
A03__drop0.5__seed47,A03,0.5,47,0.46153846153846156,full,9,2,False,True,True,6,0,6,0,True,True,True,19.0,1.1578947368421053,0.7368421052631579,True,False,False,True,False,False,True,True,True,True,True,True,3,3,0,0,22.0,0.13636363636363635
A04__drop0.1__seed11,A04,0.1,11,0.1111111111111111,full,13,1,False,True,True,6,0,2,0,True,True,True,19.0,1.4736842105263157,0.8157894736842105,True,False,False,True,True,False,True,True,True,True,True,True,1,4,1,0,28.0,0.3214285714285714
A04__drop0.1__seed29,A04,0.1,29,0.1111111111111111,full,13,1,False,True,True,6,0,2,0,True,True,True,19.0,1.4736842105263157,0.8157894736842105,True,False,False,True,True,False,True,True,True,True,True,True,2,4,0,0,28.0,0.3214285714285714
A04__drop0.1__seed47,A04,0.1,47,0.1111111111111111,full,13,1,False,True,True,6,0,2,0,True,True,True,19.0,1.4736842105263157,0.8157894736842105,True,False,False,True,False,True,True,True,True,True,True,True,2,4,0,0,28.0,0.3214285714285714
A04__drop0.3__seed11,A04,0.3,11,0.2777777777777778,full,13,1,False,True,True,7,0,5,0,True,True,True,19.0,1.4736842105263157,0.8157894736842105,True,False,False,True,False,False,True,True,True,True,True,True,2,3,2,0,28.0,0.3214285714285714
A04__drop0.3__seed29,A04,0.3,29,0.2777777777777778,full,13,1,False,True,True,9,0,5,0,True,True,True,19.0,1.4736842105263157,0.8157894736842105,True,False,False,True,False,False,True,True,True,True,True,True,3,4,2,0,28.0,0.3214285714285714
A04__drop0.3__seed47,A04,0.3,47,0.2777777777777778,full,13,1,False,True,True,7,0,5,0,True,True,True,19.0,1.4736842105263157,0.8157894736842105,True,False,False,True,False,False,True,True,True,True,True,True,3,3,1,0,28.0,0.3214285714285714
A04__drop0.5__seed11,A04,0.5,11,0.5,full,13,1,False,True,True,13,0,9,0,True,True,True,19.0,1.4736842105263157,0.8157894736842105,True,False,False,True,False,False,True,True,True,True,True,True,9,4,0,0,28.0,0.3214285714285714
A04__drop0.5__seed29,A04,0.5,29,0.5,full,13,1,False,True,True,11,0,9,0,True,True,True,19.0,1.4736842105263157,0.8157894736842105,True,False,False,True,True,False,True,True,True,True,True,True,6,3,2,0,28.0,0.3214285714285714
A04__drop0.5__seed47,A04,0.5,47,0.5,full,13,1,False,True,True,11,0,9,0,True,True,True,19.0,1.4736842105263157,0.8157894736842105,True,False,False,True,False,False,True,True,True,True,True,True,6,3,2,0,28.0,0.3214285714285714
I01__drop0.1__seed11,I01,0.1,11,0.09090909090909091,full,8,0,False,True,True,1,0,1,0,True,True,True,12.0,1.0833333333333333,0.5416666666666666,True,False,False,True,True,True,True,True,True,True,True,True,1,0,0,0,13.0,0.07692307692307687
I01__drop0.1__seed29,I01,0.1,29,0.09090909090909091,full,8,0,False,True,True,1,0,1,0,True,True,True,12.0,1.0833333333333333,0.5416666666666666,True,True,True,True,True,False,True,True,True,True,True,True,0,0,1,0,13.0,0.07692307692307687
I01__drop0.1__seed47,I01,0.1,47,0.09090909090909091,full,8,0,False,True,True,1,0,1,0,True,True,True,12.0,1.0833333333333333,0.5416666666666666,True,True,True,True,True,False,True,True,True,True,True,True,0,0,1,0,13.0,0.07692307692307687
I01__drop0.3__seed11,I01,0.3,11,0.2727272727272727,full,8,0,False,True,True,3,0,3,0,True,True,True,12.0,1.0833333333333333,0.5416666666666666,True,False,False,True,True,False,True,True,True,True,True,True,3,0,0,0,13.0,0.07692307692307687
I01__drop0.3__seed29,I01,0.3,29,0.2727272727272727,full,8,0,False,True,True,3,0,3,0,True,True,True,12.0,1.0833333333333333,0.5416666666666666,True,False,False,True,True,False,True,True,True,True,True,True,3,0,0,0,13.0,0.07692307692307687
I01__drop0.3__seed47,I01,0.3,47,0.2727272727272727,full,8,0,False,True,True,3,0,3,0,True,True,True,12.0,1.0833333333333333,0.5416666666666666,True,False,False,True,True,False,True,True,True,True,True,True,2,0,1,0,13.0,0.07692307692307687
I01__drop0.5__seed11,I01,0.5,11,0.5454545454545454,full,8,0,False,True,True,6,0,6,0,True,True,True,12.0,1.0833333333333333,0.5416666666666666,True,False,False,True,True,False,True,True,True,True,True,True,4,0,2,0,13.0,0.07692307692307687
I01__drop0.5__seed29,I01,0.5,29,0.5454545454545454,full,8,0,False,True,True,6,0,6,0,True,True,True,12.0,1.0833333333333333,0.5416666666666666,True,False,False,True,True,False,True,True,True,True,True,True,5,0,1,0,13.0,0.07692307692307687
I01__drop0.5__seed47,I01,0.5,47,0.5454545454545454,full,8,0,False,True,True,6,0,6,0,True,True,True,12.0,1.0833333333333333,0.5416666666666666,True,False,False,True,True,False,True,True,True,True,True,True,4,0,2,0,13.0,0.07692307692307687
I02__drop0.1__seed11,I02,0.1,11,0.13333333333333333,full,10,2,False,True,True,8,0,2,0,True,True,True,22.0,1.1363636363636365,0.7045454545454546,True,False,False,True,False,False,True,True,True,True,True,True,2,6,0,0,25.0,0.12
I02__drop0.1__seed29,I02,0.1,29,0.13333333333333333,full,10,2,False,True,True,8,0,2,0,True,True,True,22.0,1.1363636363636365,0.7045454545454546,True,False,False,True,False,True,True,True,True,True,True,True,2,6,0,0,25.0,0.12
I02__drop0.1__seed47,I02,0.1,47,0.13333333333333333,full,10,2,False,True,True,8,0,2,0,True,True,True,22.0,1.1363636363636365,0.7045454545454546,True,False,False,True,False,False,True,True,True,True,True,True,2,6,0,0,25.0,0.12
I02__drop0.3__seed11,I02,0.3,11,0.26666666666666666,full,10,2,False,True,True,13,0,7,0,True,True,True,22.0,1.1363636363636365,0.7045454545454546,True,False,False,True,False,False,True,True,True,True,True,True,3,6,4,0,25.0,0.12
I02__drop0.3__seed29,I02,0.3,29,0.26666666666666666,full,10,2,False,True,True,8,0,4,0,True,True,True,22.0,1.1363636363636365,0.7045454545454546,True,False,False,True,False,False,True,True,True,True,True,True,3,5,0,0,25.0,0.12
I02__drop0.3__seed47,I02,0.3,47,0.26666666666666666,full,10,2,False,True,True,6,0,4,0,True,True,True,22.0,1.1363636363636365,0.7045454545454546,True,False,False,True,False,True,True,True,True,True,True,True,2,4,0,0,25.0,0.12
I02__drop0.5__seed11,I02,0.5,11,0.5333333333333333,full,10,2,False,True,True,10,0,8,0,True,True,True,22.0,1.1363636363636365,0.7045454545454546,True,False,False,True,False,False,True,True,True,True,True,True,6,4,0,0,25.0,0.12
I02__drop0.5__seed29,I02,0.5,29,0.5333333333333333,full,10,2,False,True,True,15,0,11,0,True,True,True,22.0,1.1363636363636365,0.7045454545454546,True,False,False,True,False,False,True,True,True,True,True,True,6,5,4,0,25.0,0.12
I02__drop0.5__seed47,I02,0.5,47,0.5333333333333333,full,10,2,False,True,True,17,0,11,0,True,True,True,22.0,1.1363636363636365,0.7045454545454546,True,False,False,True,False,False,True,True,True,True,True,True,7,6,4,0,25.0,0.12
I03__drop0.1__seed11,I03,0.1,11,0.09523809523809523,full,13,1,False,True,True,4,0,2,0,True,True,True,20.0,1.15,0.65,True,False,False,True,True,False,True,True,True,True,True,True,2,2,0,0,23.0,0.13043478260869568
I03__drop0.1__seed29,I03,0.1,29,0.09523809523809523,full,13,1,False,True,True,4,0,2,0,True,True,True,20.0,1.15,0.65,True,False,False,True,True,False,True,True,True,True,True,True,1,2,1,0,23.0,0.13043478260869568
I03__drop0.1__seed47,I03,0.1,47,0.09523809523809523,full,13,1,False,True,True,4,0,2,0,True,True,True,20.0,1.15,0.65,True,False,False,True,True,False,True,True,True,True,True,True,2,2,0,0,23.0,0.13043478260869568
I03__drop0.3__seed11,I03,0.3,11,0.2857142857142857,full,13,1,False,True,True,8,0,6,0,True,True,True,20.0,1.15,0.65,True,False,False,True,True,False,True,True,True,True,True,True,6,2,0,0,23.0,0.13043478260869568
I03__drop0.3__seed29,I03,0.3,29,0.2857142857142857,full,13,1,False,True,True,8,0,6,0,True,True,True,20.0,1.15,0.65,True,False,False,True,True,False,True,True,True,True,True,True,6,2,0,0,23.0,0.13043478260869568
I03__drop0.3__seed47,I03,0.3,47,0.2857142857142857,full,13,1,False,True,True,8,0,6,0,True,True,True,20.0,1.15,0.65,True,False,False,True,True,False,True,True,True,True,True,True,6,2,0,0,23.0,0.13043478260869568
I03__drop0.5__seed11,I03,0.5,11,0.47619047619047616,full,13,1,False,True,True,12,0,10,0,True,True,True,20.0,1.15,0.65,True,False,False,True,True,False,True,True,True,True,True,True,8,2,2,0,23.0,0.13043478260869568
I03__drop0.5__seed29,I03,0.5,29,0.47619047619047616,full,13,1,False,True,True,10,0,10,0,True,True,True,20.0,1.15,0.65,True,False,False,True,True,False,True,True,True,True,True,True,8,1,1,0,23.0,0.13043478260869568
I03__drop0.5__seed47,I03,0.5,47,0.47619047619047616,full,13,1,False,True,True,10,0,10,0,True,True,True,20.0,1.15,0.65,True,False,False,True,False,False,True,True,True,True,True,True,6,1,3,0,23.0,0.13043478260869568
I04__drop0.1__seed11,I04,0.1,11,0.13333333333333333,full,10,2,False,True,True,6,0,2,0,True,True,True,18.0,1.0555555555555556,0.6944444444444444,True,False,False,True,True,False,True,True,True,True,True,True,1,4,1,0,19.0,0.052631578947368474
I04__drop0.1__seed29,I04,0.1,29,0.13333333333333333,full,10,2,False,True,True,6,0,2,0,True,True,True,18.0,1.0555555555555556,0.6944444444444444,True,False,False,True,True,False,True,True,True,True,True,True,2,4,0,0,19.0,0.052631578947368474
I04__drop0.1__seed47,I04,0.1,47,0.13333333333333333,full,10,2,False,True,True,6,0,2,0,True,True,True,18.0,1.0555555555555556,0.6944444444444444,True,False,False,True,False,False,True,True,True,True,True,True,2,4,0,0,19.0,0.052631578947368474
I04__drop0.3__seed11,I04,0.3,11,0.26666666666666666,full,10,2,False,True,True,8,0,4,0,True,True,True,18.0,1.0555555555555556,0.6944444444444444,True,False,False,True,False,False,True,True,True,True,True,True,4,4,0,0,19.0,0.052631578947368474
I04__drop0.3__seed29,I04,0.3,29,0.26666666666666666,full,10,2,False,True,True,6,0,4,0,True,True,True,18.0,1.0555555555555556,0.6944444444444444,True,False,False,True,False,False,True,True,True,True,True,True,3,3,0,0,19.0,0.052631578947368474
I04__drop0.3__seed47,I04,0.3,47,0.26666666666666666,full,10,2,False,True,True,8,0,4,0,True,True,True,18.0,1.0555555555555556,0.6944444444444444,True,False,False,True,True,False,True,True,True,True,True,True,3,4,1,0,19.0,0.052631578947368474
I04__drop0.5__seed11,I04,0.5,11,0.5333333333333333,full,10,2,False,True,True,12,0,8,0,True,True,True,18.0,1.0555555555555556,0.6944444444444444,True,False,False,True,False,False,True,True,True,True,True,True,6,4,2,0,19.0,0.052631578947368474
I04__drop0.5__seed29,I04,0.5,29,0.5333333333333333,full,10,2,False,True,True,8,0,8,0,True,True,True,18.0,1.0555555555555556,0.6944444444444444,True,False,False,True,False,False,True,True,True,True,True,True,4,2,2,0,19.0,0.052631578947368474
I04__drop0.5__seed47,I04,0.5,47,0.5333333333333333,full,10,2,False,True,True,10,0,8,0,True,True,True,18.0,1.0555555555555556,0.6944444444444444,True,False,False,True,True,False,True,True,True,True,True,True,5,3,2,0,19.0,0.052631578947368474
P01__drop0.1__seed11,P01,0.1,11,0.1111111111111111,full,8,1,False,True,True,5,0,1,0,True,True,True,12.0,1.25,0.75,True,False,False,True,True,False,True,True,True,True,True,True,1,4,0,0,15.0,0.19999999999999996
P01__drop0.1__seed29,P01,0.1,29,0.1111111111111111,full,8,1,False,True,True,5,0,1,0,True,True,True,12.0,1.25,0.75,True,False,False,True,False,True,True,True,True,True,True,True,1,4,0,0,15.0,0.19999999999999996
P01__drop0.1__seed47,P01,0.1,47,0.1111111111111111,full,8,1,False,True,True,5,0,1,0,True,True,True,12.0,1.25,0.75,True,False,False,True,False,True,True,True,True,True,True,True,1,4,0,0,15.0,0.19999999999999996
P01__drop0.3__seed11,P01,0.3,11,0.3333333333333333,full,8,1,False,True,True,5,0,3,0,True,True,True,12.0,1.25,0.75,True,False,False,True,False,False,True,True,True,True,True,True,2,3,0,0,15.0,0.19999999999999996
P01__drop0.3__seed29,P01,0.3,29,0.3333333333333333,full,8,1,False,True,True,7,0,3,0,True,True,True,12.0,1.25,0.75,True,False,False,True,False,False,True,True,True,True,True,True,3,4,0,0,15.0,0.19999999999999996
P01__drop0.3__seed47,P01,0.3,47,0.3333333333333333,full,8,1,False,True,True,3,0,3,0,True,True,True,12.0,1.25,0.75,True,False,False,True,False,False,True,True,True,True,True,True,1,2,0,0,15.0,0.19999999999999996
P01__drop0.5__seed11,P01,0.5,11,0.4444444444444444,full,8,1,False,True,True,6,0,4,0,True,True,True,12.0,1.25,0.75,True,False,False,True,True,False,True,True,True,True,True,True,3,3,0,0,15.0,0.19999999999999996
P01__drop0.5__seed29,P01,0.5,29,0.4444444444444444,full,8,1,False,True,True,8,0,4,0,True,True,True,12.0,1.25,0.75,True,False,False,True,False,False,True,True,True,True,True,True,4,4,0,0,15.0,0.19999999999999996
P01__drop0.5__seed47,P01,0.5,47,0.4444444444444444,full,8,1,False,True,True,6,0,4,0,True,True,True,12.0,1.25,0.75,True,False,False,True,False,False,True,True,True,True,True,True,3,3,0,0,15.0,0.19999999999999996
P02__drop0.1__seed11,P02,0.1,11,0.07142857142857142,full,11,1,False,True,True,7,0,1,0,True,True,True,15.0,1.4,0.8,True,False,False,True,True,False,True,True,True,True,True,True,1,6,0,0,21.0,0.2857142857142857
P02__drop0.1__seed29,P02,0.1,29,0.07142857142857142,full,11,1,False,True,True,7,0,1,0,True,True,True,15.0,1.4,0.8,True,False,False,True,True,False,True,True,True,True,True,True,1,6,0,0,21.0,0.2857142857142857
P02__drop0.1__seed47,P02,0.1,47,0.07142857142857142,full,11,1,False,True,True,7,0,1,0,True,True,True,15.0,1.4,0.8,True,False,False,True,False,True,True,True,True,True,True,True,1,6,0,0,21.0,0.2857142857142857
P02__drop0.3__seed11,P02,0.3,11,0.2857142857142857,full,11,1,False,True,True,10,0,4,0,True,True,True,15.0,1.4,0.8,True,False,False,True,False,False,True,True,True,True,True,True,3,6,1,0,21.0,0.2857142857142857
P02__drop0.3__seed29,P02,0.3,29,0.2857142857142857,full,11,1,False,True,True,8,0,4,0,True,True,True,15.0,1.4,0.8,True,False,False,True,False,False,True,True,True,True,True,True,3,5,0,0,21.0,0.2857142857142857
P02__drop0.3__seed47,P02,0.3,47,0.2857142857142857,full,11,1,False,True,True,10,0,4,0,True,True,True,15.0,1.4,0.8,True,False,False,True,False,False,True,True,True,True,True,True,4,6,0,0,21.0,0.2857142857142857
P02__drop0.5__seed11,P02,0.5,11,0.5,full,11,1,False,True,True,11,0,7,0,True,True,True,15.0,1.4,0.8,True,False,False,True,False,False,True,True,True,True,True,True,5,5,1,0,21.0,0.2857142857142857
P02__drop0.5__seed29,P02,0.5,29,0.5,full,11,1,False,True,True,13,0,7,0,True,True,True,15.0,1.4,0.8,True,False,False,True,False,False,True,True,True,True,True,True,7,6,0,0,21.0,0.2857142857142857
P02__drop0.5__seed47,P02,0.5,47,0.5,full,11,1,False,True,True,11,0,7,0,True,True,True,15.0,1.4,0.8,True,False,False,True,False,False,True,True,True,True,True,True,5,5,1,0,21.0,0.2857142857142857
P03__drop0.1__seed11,P03,0.1,11,0.07692307692307693,full,11,1,False,True,True,3,0,1,0,True,True,True,14.0,1.2857142857142858,0.75,True,False,False,True,True,False,True,True,True,True,True,True,1,2,0,0,18.0,0.2222222222222222
P03__drop0.1__seed29,P03,0.1,29,0.07692307692307693,full,11,1,False,True,True,4,0,2,0,True,True,True,14.0,1.2857142857142858,0.75,True,True,True,True,True,False,True,True,True,True,True,True,0,2,2,0,18.0,0.2222222222222222
P03__drop0.1__seed47,P03,0.1,47,0.07692307692307693,full,11,1,False,True,True,3,0,1,0,True,True,True,14.0,1.2857142857142858,0.75,True,False,False,True,True,False,True,True,True,True,True,True,1,2,0,0,18.0,0.2222222222222222
P03__drop0.3__seed11,P03,0.3,11,0.3076923076923077,full,11,1,False,True,True,7,0,5,0,True,True,True,14.0,1.2857142857142858,0.75,True,False,False,True,False,False,True,True,True,True,True,True,3,2,2,0,18.0,0.2222222222222222
P03__drop0.3__seed29,P03,0.3,29,0.3076923076923077,full,11,1,False,True,True,4,0,4,0,True,True,True,14.0,1.2857142857142858,0.75,True,False,False,True,False,False,True,True,True,True,True,True,3,1,0,0,18.0,0.2222222222222222
P03__drop0.3__seed47,P03,0.3,47,0.3076923076923077,full,11,1,False,True,True,6,0,4,0,True,True,True,14.0,1.2857142857142858,0.75,True,False,False,True,False,False,True,True,True,True,True,True,3,2,1,0,18.0,0.2222222222222222
P03__drop0.5__seed11,P03,0.5,11,0.46153846153846156,full,11,1,False,True,True,8,0,6,0,True,True,True,14.0,1.2857142857142858,0.75,True,False,False,True,False,False,True,True,True,True,True,True,5,2,1,0,18.0,0.2222222222222222
P03__drop0.5__seed29,P03,0.5,29,0.46153846153846156,full,11,1,False,True,True,6,0,6,0,True,True,True,14.0,1.2857142857142858,0.75,True,False,False,True,False,False,True,True,True,True,True,True,5,1,0,0,18.0,0.2222222222222222
P03__drop0.5__seed47,P03,0.5,47,0.46153846153846156,full,11,1,False,True,True,8,0,6,0,True,True,True,14.0,1.2857142857142858,0.75,True,False,False,True,False,False,True,True,True,True,True,True,5,2,1,0,18.0,0.2222222222222222
P04__drop0.1__seed11,P04,0.1,11,0.125,full,13,2,False,True,True,8,0,2,0,True,True,True,18.0,1.2777777777777777,0.8055555555555556,True,False,False,True,False,False,True,True,True,True,True,True,1,6,1,0,23.0,0.21739130434782605
P04__drop0.1__seed29,P04,0.1,29,0.125,full,13,2,False,True,True,8,0,2,0,True,True,True,18.0,1.2777777777777777,0.8055555555555556,True,False,False,True,False,False,True,True,True,True,True,True,2,6,0,0,23.0,0.21739130434782605
P04__drop0.1__seed47,P04,0.1,47,0.125,full,13,2,False,True,True,8,0,2,0,True,True,True,18.0,1.2777777777777777,0.8055555555555556,True,False,False,True,True,False,True,True,True,True,True,True,2,6,0,0,23.0,0.21739130434782605
P04__drop0.3__seed11,P04,0.3,11,0.3125,full,13,2,False,True,True,9,0,5,0,True,True,True,18.0,1.2777777777777777,0.8055555555555556,True,False,False,True,True,False,True,True,True,True,True,True,4,5,0,0,23.0,0.21739130434782605
P04__drop0.3__seed29,P04,0.3,29,0.3125,full,13,2,False,True,True,7,0,5,0,True,True,True,18.0,1.2777777777777777,0.8055555555555556,True,False,False,True,False,False,True,True,True,True,True,True,2,4,1,0,23.0,0.21739130434782605
P04__drop0.3__seed47,P04,0.3,47,0.3125,full,13,2,False,True,True,9,0,5,0,True,True,True,18.0,1.2777777777777777,0.8055555555555556,True,False,False,True,False,False,True,True,True,True,True,True,4,5,0,0,23.0,0.21739130434782605
P04__drop0.5__seed11,P04,0.5,11,0.5,full,13,2,False,True,True,10,0,8,0,True,True,True,18.0,1.2777777777777777,0.8055555555555556,True,False,False,True,True,False,True,True,True,True,True,True,6,4,0,0,23.0,0.21739130434782605
P04__drop0.5__seed29,P04,0.5,29,0.5,full,13,2,False,True,True,10,0,8,0,True,True,True,18.0,1.2777777777777777,0.8055555555555556,True,False,False,True,False,False,True,True,True,True,True,True,6,4,0,0,23.0,0.21739130434782605
P04__drop0.5__seed47,P04,0.5,47,0.5,full,13,2,False,True,True,10,0,8,0,True,True,True,18.0,1.2777777777777777,0.8055555555555556,True,False,False,True,False,False,True,True,True,True,True,True,5,4,1,0,23.0,0.21739130434782605
S01__drop0.1__seed11,S01,0.1,11,0.125,full,7,0,False,True,True,1,0,1,0,True,True,True,9.0,1.4444444444444444,0.7222222222222222,True,False,False,True,True,False,True,True,True,True,True,True,1,0,0,0,13.0,0.3076923076923077
S01__drop0.1__seed29,S01,0.1,29,0.125,full,7,0,False,True,True,1,0,1,0,True,True,True,9.0,1.4444444444444444,0.7222222222222222,True,False,False,True,True,True,True,True,True,True,True,True,1,0,0,0,13.0,0.3076923076923077
S01__drop0.1__seed47,S01,0.1,47,0.125,full,7,0,False,True,True,1,0,1,0,True,True,True,9.0,1.4444444444444444,0.7222222222222222,True,False,False,True,True,True,True,True,True,True,True,True,1,0,0,0,13.0,0.3076923076923077
S01__drop0.3__seed11,S01,0.3,11,0.25,full,7,0,False,True,True,2,0,2,0,True,True,True,9.0,1.4444444444444444,0.7222222222222222,True,False,False,True,True,True,True,True,True,True,True,True,2,0,0,0,13.0,0.3076923076923077
S01__drop0.3__seed29,S01,0.3,29,0.25,full,7,0,False,True,True,2,0,2,0,True,True,True,9.0,1.4444444444444444,0.7222222222222222,True,False,False,True,True,True,True,True,True,True,True,True,2,0,0,0,13.0,0.3076923076923077
S01__drop0.3__seed47,S01,0.3,47,0.25,full,7,0,False,True,True,3,0,3,0,True,True,True,9.0,1.4444444444444444,0.7222222222222222,True,False,False,True,True,False,True,True,True,True,True,True,1,0,2,0,13.0,0.3076923076923077
S01__drop0.5__seed11,S01,0.5,11,0.5,full,7,0,False,True,True,5,0,5,0,True,True,True,9.0,1.4444444444444444,0.7222222222222222,True,False,False,True,True,False,True,True,True,True,True,True,3,0,2,0,13.0,0.3076923076923077
S01__drop0.5__seed29,S01,0.5,29,0.5,full,7,0,False,True,True,5,0,5,0,True,True,True,9.0,1.4444444444444444,0.7222222222222222,True,False,False,True,True,False,True,True,True,True,True,True,3,0,2,0,13.0,0.3076923076923077
S01__drop0.5__seed47,S01,0.5,47,0.5,full,7,0,False,True,True,4,0,4,0,True,True,True,9.0,1.4444444444444444,0.7222222222222222,True,False,False,True,True,False,True,True,True,True,True,True,4,0,0,0,13.0,0.3076923076923077
S02__drop0.1__seed11,S02,0.1,11,0.07692307692307693,full,9,0,False,True,True,1,0,1,0,True,True,True,11.0,1.3636363636363635,0.6818181818181818,True,False,False,True,True,True,True,True,True,True,True,True,1,0,0,0,15.0,0.2666666666666667
S02__drop0.1__seed29,S02,0.1,29,0.07692307692307693,full,9,0,False,True,True,1,0,1,0,True,True,True,11.0,1.3636363636363635,0.6818181818181818,True,False,False,True,True,True,True,True,True,True,True,True,1,0,0,0,15.0,0.2666666666666667
S02__drop0.1__seed47,S02,0.1,47,0.07692307692307693,full,9,0,False,True,True,1,0,1,0,True,True,True,11.0,1.3636363636363635,0.6818181818181818,True,False,False,True,True,True,True,True,True,True,True,True,1,0,0,0,15.0,0.2666666666666667
S02__drop0.3__seed11,S02,0.3,11,0.3076923076923077,full,9,0,False,True,True,4,0,4,0,True,True,True,11.0,1.3636363636363635,0.6818181818181818,True,False,False,True,True,False,True,True,True,True,True,True,3,0,1,0,15.0,0.2666666666666667
S02__drop0.3__seed29,S02,0.3,29,0.3076923076923077,full,9,0,False,True,True,4,0,4,0,True,True,True,11.0,1.3636363636363635,0.6818181818181818,True,False,False,True,True,True,True,True,True,True,True,True,4,0,0,0,15.0,0.2666666666666667
S02__drop0.3__seed47,S02,0.3,47,0.3076923076923077,full,9,0,False,True,True,4,0,4,0,True,True,True,11.0,1.3636363636363635,0.6818181818181818,True,False,False,True,True,False,True,True,True,True,True,True,3,0,1,0,15.0,0.2666666666666667
S02__drop0.5__seed11,S02,0.5,11,0.46153846153846156,full,9,0,False,True,True,6,0,6,0,True,True,True,11.0,1.3636363636363635,0.6818181818181818,True,False,False,True,True,False,True,True,True,True,True,True,4,0,2,0,15.0,0.2666666666666667
S02__drop0.5__seed29,S02,0.5,29,0.46153846153846156,full,9,0,False,True,True,6,0,6,0,True,True,True,11.0,1.3636363636363635,0.6818181818181818,True,False,False,True,True,False,True,True,True,True,True,True,5,0,1,0,15.0,0.2666666666666667
S02__drop0.5__seed47,S02,0.5,47,0.46153846153846156,full,9,0,False,True,True,6,0,6,0,True,True,True,11.0,1.3636363636363635,0.6818181818181818,True,False,False,True,True,False,True,True,True,True,True,True,6,0,0,0,15.0,0.2666666666666667
S03__drop0.1__seed11,S03,0.1,11,0.13333333333333333,full,11,0,False,True,True,3,0,3,0,True,True,True,15.0,1.4,0.7,True,False,False,True,True,False,True,True,True,True,True,True,1,0,2,0,21.0,0.2857142857142857
S03__drop0.1__seed29,S03,0.1,29,0.13333333333333333,full,11,0,False,True,True,2,0,2,0,True,True,True,17.0,1.2352941176470589,0.6176470588235294,True,False,False,True,True,False,True,True,True,True,True,True,2,0,0,0,21.0,0.19047619047619047
S03__drop0.1__seed47,S03,0.1,47,0.13333333333333333,full,11,0,False,True,True,2,0,2,0,True,True,True,17.0,1.2352941176470589,0.6176470588235294,True,False,False,True,True,False,True,True,True,True,True,True,2,0,0,0,21.0,0.19047619047619047
S03__drop0.3__seed11,S03,0.3,11,0.26666666666666666,full,11,0,False,True,True,4,0,4,0,True,True,True,17.0,1.2352941176470589,0.6176470588235294,True,False,False,True,True,False,True,True,True,True,True,True,4,0,0,0,21.0,0.19047619047619047
S03__drop0.3__seed29,S03,0.3,29,0.26666666666666666,full,11,0,False,True,True,5,0,5,0,True,True,True,17.0,1.2352941176470589,0.6176470588235294,True,False,False,True,True,False,True,True,True,True,True,True,3,0,2,0,21.0,0.19047619047619047
S03__drop0.3__seed47,S03,0.3,47,0.26666666666666666,full,11,0,False,True,True,5,0,5,0,True,True,True,17.0,1.2352941176470589,0.6176470588235294,True,False,False,True,True,False,True,True,True,True,True,True,3,0,2,0,21.0,0.19047619047619047
S03__drop0.5__seed11,S03,0.5,11,0.5333333333333333,full,11,0,False,True,True,9,0,9,0,True,True,True,17.0,1.2352941176470589,0.6176470588235294,True,False,False,True,True,False,True,True,True,True,True,True,6,0,3,0,21.0,0.19047619047619047
S03__drop0.5__seed29,S03,0.5,29,0.5333333333333333,full,11,0,False,True,True,8,0,8,0,True,True,True,17.0,1.2352941176470589,0.6176470588235294,True,False,False,True,True,False,True,True,True,True,True,True,8,0,0,0,21.0,0.19047619047619047
S03__drop0.5__seed47,S03,0.5,47,0.5333333333333333,full,11,0,False,True,True,9,0,9,0,True,True,True,15.0,1.4,0.7,True,False,False,True,True,False,True,True,True,True,True,True,7,0,2,0,21.0,0.2857142857142857
S04__drop0.1__seed11,S04,0.1,11,0.08695652173913043,full,16,1,False,True,True,4,0,2,0,True,True,True,16.0,1.375,0.78125,True,False,False,True,True,False,True,True,True,True,True,True,1,2,1,0,22.0,0.2727272727272727
S04__drop0.1__seed29,S04,0.1,29,0.08695652173913043,full,16,1,False,True,True,4,0,2,0,True,True,True,16.0,1.375,0.78125,True,False,False,True,False,True,True,True,True,True,True,True,2,2,0,0,22.0,0.2727272727272727
S04__drop0.1__seed47,S04,0.1,47,0.08695652173913043,full,16,1,False,True,True,4,0,2,0,True,True,True,16.0,1.375,0.78125,True,False,False,True,True,False,True,True,True,True,True,True,2,2,0,0,22.0,0.2727272727272727
S04__drop0.3__seed11,S04,0.3,11,0.30434782608695654,full,16,1,False,True,True,10,0,8,0,True,True,True,16.0,1.375,0.78125,True,False,False,True,False,False,True,True,True,True,True,True,6,2,2,0,22.0,0.2727272727272727
S04__drop0.3__seed29,S04,0.3,29,0.30434782608695654,full,16,1,False,True,True,10,0,8,0,True,True,True,16.0,1.375,0.78125,True,False,False,True,True,False,True,True,True,True,True,True,6,2,2,0,22.0,0.2727272727272727
S04__drop0.3__seed47,S04,0.3,47,0.30434782608695654,full,16,1,False,True,True,10,0,8,0,True,True,True,16.0,1.375,0.78125,True,False,False,True,True,False,True,True,True,True,True,True,6,2,2,0,22.0,0.2727272727272727
S04__drop0.5__seed11,S04,0.5,11,0.5217391304347826,full,16,1,False,True,True,16,0,14,0,True,True,True,16.0,1.375,0.78125,True,False,False,True,True,False,True,True,True,True,True,True,9,2,5,0,22.0,0.2727272727272727
S04__drop0.5__seed29,S04,0.5,29,0.5217391304347826,full,16,1,False,True,True,14,0,14,0,True,True,True,16.0,1.375,0.78125,True,False,False,True,False,False,True,True,True,True,True,True,8,1,5,0,22.0,0.2727272727272727
S04__drop0.5__seed47,S04,0.5,47,0.5217391304347826,full,16,1,False,True,True,16,0,14,0,True,True,True,16.0,1.375,0.78125,True,False,False,True,False,False,True,True,True,True,True,True,8,2,6,0,22.0,0.2727272727272727
T01__drop0.1__seed11,T01,0.1,11,0.07142857142857142,full,9,2,False,True,True,7,0,1,0,True,True,True,24.0,1.125,0.7083333333333334,True,False,False,True,True,False,True,True,True,True,True,True,1,6,0,0,27.0,0.11111111111111116
T01__drop0.1__seed29,T01,0.1,29,0.07142857142857142,full,9,2,False,True,True,7,0,1,0,True,True,True,24.0,1.125,0.7083333333333334,True,False,False,True,True,False,True,True,True,True,True,True,1,6,0,0,27.0,0.11111111111111116
T01__drop0.1__seed47,T01,0.1,47,0.07142857142857142,full,9,2,False,True,True,7,0,1,0,True,True,True,24.0,1.125,0.7083333333333334,True,False,False,True,False,True,True,True,True,True,True,True,1,6,0,0,27.0,0.11111111111111116
T01__drop0.3__seed11,T01,0.3,11,0.2857142857142857,full,9,2,False,True,True,8,0,4,0,True,True,True,24.0,1.125,0.7083333333333334,True,False,False,True,False,False,True,True,True,True,True,True,3,5,0,0,27.0,0.11111111111111116
T01__drop0.3__seed29,T01,0.3,29,0.2857142857142857,full,9,2,False,True,True,8,0,4,0,True,True,True,24.0,1.125,0.7083333333333334,True,False,False,True,False,True,True,True,True,True,True,True,3,5,0,0,27.0,0.11111111111111116
T01__drop0.3__seed47,T01,0.3,47,0.2857142857142857,full,9,2,False,True,True,8,0,4,0,True,True,True,24.0,1.125,0.7083333333333334,True,False,False,True,False,False,True,True,True,True,True,True,3,5,0,0,27.0,0.11111111111111116
T01__drop0.5__seed11,T01,0.5,11,0.5,full,9,2,False,True,True,11,0,9,0,True,True,True,24.0,1.125,0.7083333333333334,True,False,False,True,True,False,True,True,True,True,True,True,4,4,3,0,27.0,0.11111111111111116
T01__drop0.5__seed29,T01,0.5,29,0.5,full,9,2,False,True,True,11,0,7,0,True,True,True,24.0,1.125,0.7083333333333334,True,False,False,True,False,False,True,True,True,True,True,True,6,5,0,0,27.0,0.11111111111111116
T01__drop0.5__seed47,T01,0.5,47,0.5,full,9,2,False,True,True,9,0,7,0,True,True,True,24.0,1.125,0.7083333333333334,True,False,False,True,False,False,True,True,True,True,True,True,5,4,0,0,27.0,0.11111111111111116
T02__drop0.1__seed11,T02,0.1,11,0.125,full,11,0,False,True,True,2,0,2,0,True,True,True,17.0,1.411764705882353,0.7058823529411765,True,False,False,True,True,False,True,True,True,True,True,True,2,0,0,0,24.0,0.29166666666666663
T02__drop0.1__seed29,T02,0.1,29,0.125,full,11,0,False,True,True,2,0,2,0,True,True,True,17.0,1.411764705882353,0.7058823529411765,True,False,False,True,True,True,True,True,True,True,True,True,2,0,0,0,24.0,0.29166666666666663
T02__drop0.1__seed47,T02,0.1,47,0.125,full,11,0,False,True,True,2,0,2,0,True,True,True,17.0,1.411764705882353,0.7058823529411765,True,False,False,True,True,False,True,True,True,True,True,True,1,0,1,0,24.0,0.29166666666666663
T02__drop0.3__seed11,T02,0.3,11,0.3125,full,11,0,False,True,True,5,0,5,0,True,True,True,17.0,1.411764705882353,0.7058823529411765,True,False,False,True,True,False,True,True,True,True,True,True,4,0,1,0,24.0,0.29166666666666663
T02__drop0.3__seed29,T02,0.3,29,0.3125,full,11,0,False,True,True,5,0,5,0,True,True,True,17.0,1.411764705882353,0.7058823529411765,True,False,False,True,True,False,True,True,True,True,True,True,4,0,1,0,24.0,0.29166666666666663
T02__drop0.3__seed47,T02,0.3,47,0.3125,full,11,0,False,True,True,5,0,5,0,True,True,True,17.0,1.411764705882353,0.7058823529411765,True,False,False,True,True,False,True,True,True,True,True,True,4,0,1,0,24.0,0.29166666666666663
T02__drop0.5__seed11,T02,0.5,11,0.5,full,11,0,False,True,True,8,0,8,0,True,True,True,17.0,1.411764705882353,0.7058823529411765,True,False,False,True,True,False,True,True,True,True,True,True,6,0,2,0,24.0,0.29166666666666663
T02__drop0.5__seed29,T02,0.5,29,0.5,full,11,0,False,True,True,8,0,8,0,True,True,True,17.0,1.411764705882353,0.7058823529411765,True,False,False,True,True,False,True,True,True,True,True,True,7,0,1,0,24.0,0.29166666666666663
T02__drop0.5__seed47,T02,0.5,47,0.5,full,11,0,False,True,True,8,0,8,0,True,True,True,17.0,1.411764705882353,0.7058823529411765,True,False,False,True,True,False,True,True,True,True,True,True,7,0,1,0,24.0,0.29166666666666663
T03__drop0.1__seed11,T03,0.1,11,0.1111111111111111,full,11,1,False,True,True,4,0,2,0,True,True,True,23.0,1.173913043478261,0.6521739130434783,True,False,False,True,False,True,True,True,True,True,True,True,1,3,0,0,27.0,0.14814814814814814
T03__drop0.1__seed29,T03,0.1,29,0.1111111111111111,full,11,1,False,True,True,6,0,2,0,True,True,True,23.0,1.173913043478261,0.6521739130434783,True,True,True,True,True,False,True,True,True,True,True,True,0,4,2,0,27.0,0.14814814814814814
T03__drop0.1__seed47,T03,0.1,47,0.1111111111111111,full,11,1,False,True,True,6,0,2,0,True,True,True,23.0,1.173913043478261,0.6521739130434783,True,False,False,True,True,False,True,True,True,True,True,True,1,4,1,0,27.0,0.14814814814814814
T03__drop0.3__seed11,T03,0.3,11,0.2777777777777778,full,11,1,False,True,True,7,0,5,0,True,True,True,23.0,1.173913043478261,0.6521739130434783,True,False,False,True,False,False,True,True,True,True,True,True,4,3,0,0,27.0,0.14814814814814814
T03__drop0.3__seed29,T03,0.3,29,0.2777777777777778,full,11,1,False,True,True,9,0,5,0,True,True,True,23.0,1.173913043478261,0.6521739130434783,True,False,False,True,False,False,True,True,True,True,True,True,4,4,1,0,27.0,0.14814814814814814
T03__drop0.3__seed47,T03,0.3,47,0.2777777777777778,full,11,1,False,True,True,9,0,5,0,True,True,True,23.0,1.173913043478261,0.6521739130434783,True,False,False,True,False,False,True,True,True,True,True,True,4,4,1,0,27.0,0.14814814814814814
T03__drop0.5__seed11,T03,0.5,11,0.5,full,11,1,False,True,True,11,0,9,0,True,True,True,23.0,1.173913043478261,0.6521739130434783,True,False,False,True,True,False,True,True,True,True,True,True,8,3,0,0,27.0,0.14814814814814814
T03__drop0.5__seed29,T03,0.5,29,0.5,full,11,1,False,True,True,11,0,9,0,True,True,True,23.0,1.173913043478261,0.6521739130434783,True,False,False,True,True,False,True,True,True,True,True,True,7,3,1,0,27.0,0.14814814814814814
T03__drop0.5__seed47,T03,0.5,47,0.5,full,11,1,False,True,True,13,0,9,0,True,True,True,23.0,1.173913043478261,0.6521739130434783,True,False,False,True,False,False,True,True,True,True,True,True,8,4,1,0,27.0,0.14814814814814814
T04__drop0.1__seed11,T04,0.1,11,0.08333333333333333,full,14,2,False,True,True,12,0,2,0,True,True,True,30.0,1.1666666666666667,0.7166666666666667,True,False,False,True,False,False,True,True,True,True,True,True,2,10,0,0,35.0,0.1428571428571429
T04__drop0.1__seed29,T04,0.1,29,0.08333333333333333,full,14,2,False,True,True,13,0,3,0,True,True,True,30.0,1.1666666666666667,0.7166666666666667,True,False,False,True,True,False,True,True,True,True,True,True,1,10,2,0,35.0,0.1428571428571429
T04__drop0.1__seed47,T04,0.1,47,0.08333333333333333,full,14,2,False,True,True,10,0,2,0,True,True,True,30.0,1.1666666666666667,0.7166666666666667,True,False,False,True,False,False,True,True,True,True,True,True,1,9,0,0,35.0,0.1428571428571429
T04__drop0.3__seed11,T04,0.3,11,0.2916666666666667,full,14,2,False,True,True,14,0,8,0,True,True,True,30.0,1.1666666666666667,0.7166666666666667,True,False,False,True,False,False,True,True,True,True,True,True,3,8,3,0,35.0,0.1428571428571429
T04__drop0.3__seed29,T04,0.3,29,0.2916666666666667,full,14,2,False,True,True,13,0,7,0,True,True,True,30.0,1.1666666666666667,0.7166666666666667,True,False,False,True,False,False,True,True,True,True,True,True,5,8,0,0,35.0,0.1428571428571429
T04__drop0.3__seed47,T04,0.3,47,0.2916666666666667,full,14,2,False,True,True,17,0,7,0,True,True,True,30.0,1.1666666666666667,0.7166666666666667,True,False,False,True,False,False,True,True,True,True,True,True,7,10,0,0,35.0,0.1428571428571429
T04__drop0.5__seed11,T04,0.5,11,0.5,full,14,2,False,True,True,17,0,13,0,True,True,True,30.0,1.1666666666666667,0.7166666666666667,True,False,False,True,False,False,True,True,True,True,True,True,8,7,2,0,35.0,0.1428571428571429
T04__drop0.5__seed29,T04,0.5,29,0.5,full,14,2,False,True,True,20,0,14,0,True,True,True,30.0,1.1666666666666667,0.7166666666666667,True,False,False,True,False,False,True,True,True,True,True,True,7,8,5,0,35.0,0.1428571428571429
T04__drop0.5__seed47,T04,0.5,47,0.5,full,14,2,False,True,True,18,0,14,0,True,True,True,30.0,1.1666666666666667,0.7166666666666667,True,False,False,True,False,False,True,True,True,True,True,True,6,7,5,0,35.0,0.1428571428571429
W01__drop0.1__seed11,W01,0.1,11,0.13333333333333333,full,8,2,False,True,True,10,0,2,0,True,True,True,14.0,1.0714285714285714,0.75,True,False,False,True,False,True,True,True,True,True,True,True,1,9,0,0,15.0,0.06666666666666665
W01__drop0.1__seed29,W01,0.1,29,0.13333333333333333,full,8,2,False,True,True,10,0,2,0,True,True,True,14.0,1.0714285714285714,0.75,True,True,True,True,False,False,True,True,True,True,True,True,0,9,1,0,15.0,0.06666666666666665
W01__drop0.1__seed47,W01,0.1,47,0.13333333333333333,full,8,2,False,True,True,12,0,2,0,True,True,True,14.0,1.0714285714285714,0.75,True,False,False,True,True,False,True,True,True,True,True,True,1,10,1,0,15.0,0.06666666666666665
W01__drop0.3__seed11,W01,0.3,11,0.26666666666666666,full,8,2,False,True,True,12,0,4,0,True,True,True,14.0,1.0714285714285714,0.75,True,False,False,True,False,False,True,True,True,True,True,True,2,9,1,0,15.0,0.06666666666666665
W01__drop0.3__seed29,W01,0.3,29,0.26666666666666666,full,8,2,False,True,True,12,0,4,0,True,True,True,14.0,1.0714285714285714,0.75,True,False,False,True,False,False,True,True,True,True,True,True,2,9,1,0,15.0,0.06666666666666665
W01__drop0.3__seed47,W01,0.3,47,0.26666666666666666,full,8,2,False,True,True,14,0,4,0,True,True,True,14.0,1.0714285714285714,0.75,True,False,False,True,False,False,True,True,True,True,True,True,2,10,2,0,15.0,0.06666666666666665
W01__drop0.5__seed11,W01,0.5,11,0.5333333333333333,full,8,2,False,True,True,14,0,8,0,True,True,True,14.0,1.0714285714285714,0.75,True,False,False,True,False,False,True,True,True,True,True,True,5,8,1,0,15.0,0.06666666666666665
W01__drop0.5__seed29,W01,0.5,29,0.5333333333333333,full,8,2,False,True,True,14,0,8,0,True,True,True,14.0,1.0714285714285714,0.75,True,False,False,True,False,False,True,True,True,True,True,True,4,8,2,0,15.0,0.06666666666666665
W01__drop0.5__seed47,W01,0.5,47,0.5333333333333333,full,8,2,False,True,True,14,0,8,0,True,True,True,14.0,1.0714285714285714,0.75,True,False,False,True,False,False,True,True,True,True,True,True,4,8,2,0,15.0,0.06666666666666665
W02__drop0.1__seed11,W02,0.1,11,0.1,full,9,0,False,True,True,1,0,1,0,True,True,True,11.0,1.5454545454545454,0.7727272727272727,True,False,False,True,True,False,True,True,True,True,True,True,1,0,0,0,17.0,0.3529411764705882
W02__drop0.1__seed29,W02,0.1,29,0.1,full,9,0,False,True,True,1,0,1,0,True,True,True,11.0,1.5454545454545454,0.7727272727272727,True,False,False,True,True,True,True,True,True,True,True,True,1,0,0,0,17.0,0.3529411764705882
W02__drop0.1__seed47,W02,0.1,47,0.1,full,9,0,False,True,True,1,0,1,0,True,True,True,11.0,1.5454545454545454,0.7727272727272727,True,True,True,True,True,False,True,True,True,True,True,True,0,0,1,0,17.0,0.3529411764705882
W02__drop0.3__seed11,W02,0.3,11,0.3,full,9,0,False,True,True,3,0,3,0,True,True,True,11.0,1.5454545454545454,0.7727272727272727,True,False,False,True,True,False,True,True,True,True,True,True,2,0,1,0,17.0,0.3529411764705882
W02__drop0.3__seed29,W02,0.3,29,0.3,full,9,0,False,True,True,3,0,3,0,True,True,True,11.0,1.5454545454545454,0.7727272727272727,True,False,False,True,True,False,True,True,True,True,True,True,2,0,1,0,17.0,0.3529411764705882
W02__drop0.3__seed47,W02,0.3,47,0.3,full,9,0,False,True,True,3,0,3,0,True,True,True,11.0,1.5454545454545454,0.7727272727272727,True,False,False,True,True,False,True,True,True,True,True,True,3,0,0,0,17.0,0.3529411764705882
W02__drop0.5__seed11,W02,0.5,11,0.5,full,9,0,False,True,True,5,0,5,0,True,True,True,11.0,1.5454545454545454,0.7727272727272727,True,False,False,True,True,False,True,True,True,True,True,True,5,0,0,0,17.0,0.3529411764705882
W02__drop0.5__seed29,W02,0.5,29,0.5,full,9,0,False,True,True,5,0,5,0,True,True,True,11.0,1.5454545454545454,0.7727272727272727,True,False,False,True,True,False,True,True,True,True,True,True,3,0,2,0,17.0,0.3529411764705882
W02__drop0.5__seed47,W02,0.5,47,0.5,full,9,0,False,True,True,5,0,5,0,True,True,True,11.0,1.5454545454545454,0.7727272727272727,True,False,False,True,True,False,True,True,True,True,True,True,3,0,2,0,17.0,0.3529411764705882
W03__drop0.1__seed11,W03,0.1,11,0.09090909090909091,full,14,1,False,True,True,6,0,2,0,True,True,True,23.0,1.173913043478261,0.6739130434782609,True,False,False,True,False,False,True,True,True,True,True,True,2,4,0,0,27.0,0.14814814814814814
W03__drop0.1__seed29,W03,0.1,29,0.09090909090909091,full,14,1,False,True,True,6,0,2,0,True,True,True,23.0,1.173913043478261,0.6739130434782609,True,False,False,True,True,False,True,True,True,True,True,True,1,4,1,0,27.0,0.14814814814814814
W03__drop0.1__seed47,W03,0.1,47,0.09090909090909091,full,14,1,False,True,True,6,0,2,0,True,True,True,23.0,1.173913043478261,0.6739130434782609,True,False,False,True,True,True,True,True,True,True,True,True,2,4,0,0,27.0,0.14814814814814814
W03__drop0.3__seed11,W03,0.3,11,0.3181818181818182,full,14,1,False,True,True,10,0,8,0,True,True,True,23.0,1.173913043478261,0.6739130434782609,True,False,False,True,False,False,True,True,True,True,True,True,5,3,2,0,27.0,0.14814814814814814
W03__drop0.3__seed29,W03,0.3,29,0.3181818181818182,full,14,1,False,True,True,13,0,9,0,True,True,True,23.0,1.173913043478261,0.6739130434782609,True,False,False,True,False,False,True,True,True,True,True,True,6,4,3,0,27.0,0.14814814814814814
W03__drop0.3__seed47,W03,0.3,47,0.3181818181818182,full,14,1,False,True,True,11,0,7,0,True,True,True,23.0,1.173913043478261,0.6739130434782609,True,False,False,True,False,False,True,True,True,True,True,True,5,4,2,0,27.0,0.14814814814814814
W03__drop0.5__seed11,W03,0.5,11,0.5,full,14,1,False,True,True,15,0,11,0,True,True,True,23.0,1.173913043478261,0.6739130434782609,True,False,False,True,False,False,True,True,True,True,True,True,10,4,1,0,27.0,0.14814814814814814
W03__drop0.5__seed29,W03,0.5,29,0.5,full,14,1,False,True,True,15,0,13,0,True,True,True,23.0,1.173913043478261,0.6739130434782609,True,False,False,True,True,False,True,True,True,True,True,True,7,3,5,0,27.0,0.14814814814814814
W03__drop0.5__seed47,W03,0.5,47,0.5,full,14,1,False,True,True,17,0,13,0,True,True,True,23.0,1.173913043478261,0.6739130434782609,True,False,False,True,False,False,True,True,True,True,True,True,9,4,4,0,27.0,0.14814814814814814
W04__drop0.1__seed11,W04,0.1,11,0.10526315789473684,full,13,1,False,True,True,5,0,3,0,True,True,True,19.0,1.105263157894737,0.631578947368421,True,False,False,True,True,False,True,True,True,True,True,True,1,2,2,0,21.0,0.09523809523809523
W04__drop0.1__seed29,W04,0.1,29,0.10526315789473684,full,13,1,False,True,True,4,0,2,0,True,True,True,19.0,1.105263157894737,0.631578947368421,True,False,False,True,False,True,True,True,True,True,True,True,2,2,0,0,21.0,0.09523809523809523
W04__drop0.1__seed47,W04,0.1,47,0.10526315789473684,full,13,1,False,True,True,4,0,2,0,True,True,True,19.0,1.105263157894737,0.631578947368421,True,False,False,True,False,False,True,True,True,True,True,True,2,2,0,0,21.0,0.09523809523809523
W04__drop0.3__seed11,W04,0.3,11,0.3157894736842105,full,13,1,False,True,True,9,0,7,0,True,True,True,19.0,1.105263157894737,0.631578947368421,True,False,False,True,False,False,True,True,True,True,True,True,4,2,3,0,21.0,0.09523809523809523
W04__drop0.3__seed29,W04,0.3,29,0.3157894736842105,full,13,1,False,True,True,8,0,6,0,True,True,True,19.0,1.105263157894737,0.631578947368421,True,False,False,True,False,False,True,True,True,True,True,True,5,2,1,0,21.0,0.09523809523809523
W04__drop0.3__seed47,W04,0.3,47,0.3157894736842105,full,13,1,False,True,True,8,0,6,0,True,True,True,19.0,1.105263157894737,0.631578947368421,True,False,False,True,True,False,True,True,True,True,True,True,6,2,0,0,21.0,0.09523809523809523
W04__drop0.5__seed11,W04,0.5,11,0.5263157894736842,full,13,1,False,True,True,12,0,12,0,True,True,True,18.0,1.1666666666666667,0.6666666666666666,True,False,False,True,False,False,True,True,True,True,True,True,7,1,4,0,21.0,0.1428571428571429
W04__drop0.5__seed29,W04,0.5,29,0.5263157894736842,full,13,1,False,True,True,10,0,10,0,True,True,True,19.0,1.105263157894737,0.631578947368421,True,False,False,True,True,False,True,True,True,True,True,True,8,1,1,0,21.0,0.09523809523809523
W04__drop0.5__seed47,W04,0.5,47,0.5263157894736842,full,13,1,False,True,True,12,0,12,0,True,True,True,19.0,1.105263157894737,0.631578947368421,True,False,False,True,False,False,True,True,True,True,True,True,5,1,6,0,21.0,0.09523809523809523
