id,base_id,seed,jitter,method,nodes,cooperative_nodes,before_joint,after_joint,accepted,accepted_events,rejected_events,net_added,net_removed,replay_valid,export_valid,independent_graph_valid,makespan,speedup,utilization,before_schema_valid,before_closed,before_goal_reachable,before_acyclic,before_synchronization_complete,before_resource_ordered,after_schema_valid,after_closed,after_goal_reachable,after_acyclic,after_synchronization_complete,after_resource_ordered,state_closure_accepted_events,synchronization_accepted_events,resource_mutex_accepted_events,compression_accepted_events,serial_duration,duration_reduction
A01__jitter0__seed0,A01,0,0,full,7,1,True,True,True,4,0,0,0,True,True,True,12.0,1.1666666666666667,0.7083333333333334,True,True,True,True,True,True,True,True,True,True,True,True,0,4,0,0,14.0,0.1428571428571429
A01__jitter0.2__seed11,A01,11,0.2,full,7,1,True,True,True,4,0,0,0,True,True,True,11.736500000000001,1.154748008350019,0.7140459251054402,True,True,True,True,True,True,True,True,True,True,True,True,0,4,0,0,13.5527,0.13401019723007213
A01__jitter0.2__seed29,A01,29,0.2,full,7,1,True,True,True,4,0,0,0,True,True,True,10.932400000000001,1.1537082433866304,0.6934890783359554,True,True,True,True,True,True,True,True,True,True,True,True,0,4,0,0,12.6128,0.13322973487251033
A01__jitter0.2__seed47,A01,47,0.2,full,7,1,True,True,True,4,0,0,0,True,True,True,11.2487,1.1498928765101746,0.701387715913839,True,True,True,True,True,True,True,True,True,True,True,True,0,4,0,0,12.9348,0.130353774314253
A01__jitter0.5__seed11,A01,11,0.5,full,7,1,True,True,True,4,0,0,0,True,True,True,10.648499999999999,1.1026060008451897,0.7014696905667466,True,True,True,True,True,True,True,True,True,True,True,True,0,4,0,0,11.7411,0.09305772031581372
A01__jitter0.5__seed29,A01,29,0.5,full,7,1,True,True,True,4,0,0,0,True,True,True,12.7714,1.2099691498191272,0.699923266047575,True,True,True,True,True,True,True,True,True,True,True,True,0,4,0,0,15.453,0.17353264738238527
A01__jitter0.5__seed47,A01,47,0.5,full,7,1,True,True,True,4,0,0,0,True,True,True,11.7207,1.0977245386367707,0.6946726731338573,True,True,True,True,True,True,True,True,True,True,True,True,0,4,0,0,12.8661,0.08902464616317285
A02__jitter0__seed0,A02,0,0,full,9,0,True,True,True,0,0,0,0,True,True,True,19.0,1.1578947368421053,0.5789473684210527,True,True,True,True,True,True,True,True,True,True,True,True,0,0,0,0,22.0,0.13636363636363635
A02__jitter0.2__seed11,A02,11,0.2,full,9,0,True,True,True,0,0,0,0,True,True,True,18.330800000000004,1.187449538481681,0.5937247692408405,True,True,True,True,True,True,True,True,True,True,True,True,0,0,0,0,21.766900000000003,0.1578589509760232
A02__jitter0.2__seed29,A02,29,0.2,full,9,0,True,True,True,0,0,0,0,True,True,True,18.3098,1.154835115621143,0.5774175578105715,True,True,True,True,True,True,True,True,True,True,True,True,0,0,0,0,21.1448,0.134075517384889
A02__jitter0.2__seed47,A02,47,0.2,full,9,0,True,True,True,0,0,0,0,True,True,True,18.455500000000004,1.1677115223104222,0.5838557611552111,True,True,True,True,True,True,True,True,True,True,True,True,0,0,0,0,21.550700000000003,0.14362410501747036
A02__jitter0.5__seed11,A02,11,0.5,full,9,0,True,True,True,0,0,0,0,True,True,True,17.6932,1.1901860601813128,0.5950930300906564,True,True,True,True,True,True,True,True,True,True,True,True,0,0,0,0,21.058200000000003,0.15979523416056463
A02__jitter0.5__seed29,A02,29,0.5,full,9,0,True,True,True,0,0,0,0,True,True,True,19.1067,1.2087958674182357,0.6043979337091179,True,True,True,True,True,True,True,True,True,True,True,True,0,0,0,0,23.096100000000003,0.17273046098692002
A02__jitter0.5__seed47,A02,47,0.5,full,9,0,True,True,True,0,0,0,0,True,True,True,17.6536,1.2245944170027643,0.6122972085013821,True,True,True,True,True,True,True,True,True,True,True,True,0,0,0,0,21.6185,0.18340310382311442
A03__jitter0__seed0,A03,0,0,full,9,2,True,True,True,6,0,0,0,True,True,True,19.0,1.1578947368421053,0.7368421052631579,True,True,True,True,True,True,True,True,True,True,True,True,0,6,0,0,22.0,0.13636363636363635
A03__jitter0.2__seed11,A03,11,0.2,full,9,2,True,True,True,6,0,0,0,True,True,True,19.9424,1.1575487403722722,0.7393543405006419,True,True,True,True,True,True,True,True,True,True,True,True,0,6,0,0,23.0843,0.13610549161118157
A03__jitter0.2__seed29,A03,29,0.2,full,9,2,True,True,True,6,0,0,0,True,True,True,18.3472,1.163452733932153,0.7389983212697305,True,True,True,True,True,True,True,True,True,True,True,True,0,6,0,0,21.3461,0.14048936339659235
A03__jitter0.2__seed47,A03,47,0.2,full,9,2,True,True,True,6,0,0,0,True,True,True,18.7023,1.1635199948669415,0.7303700614362939,True,True,True,True,True,True,True,True,True,True,True,True,0,6,0,0,21.7605,0.14053905011373813
A03__jitter0.5__seed11,A03,11,0.5,full,9,2,True,True,True,6,0,0,0,True,True,True,16.5169,1.140377431600361,0.7684735028970326,True,True,True,True,True,True,True,True,True,True,True,True,0,6,0,0,18.835500000000003,0.12309734278357376
A03__jitter0.5__seed29,A03,29,0.5,full,9,2,True,True,True,6,0,0,0,True,True,True,19.2581,1.1586812821617918,0.7281221927396784,True,True,True,True,True,True,True,True,True,True,True,True,0,6,0,0,22.314,0.13694989692569692
A03__jitter0.5__seed47,A03,47,0.5,full,9,2,True,True,True,6,0,0,0,True,True,True,24.2808,1.124938222793318,0.7166876709169385,True,True,True,True,True,True,True,True,True,True,True,True,0,6,0,0,27.314399999999996,0.11106229681047353
A04__jitter0__seed0,A04,0,0,full,13,1,True,True,True,4,0,0,0,True,True,True,19.0,1.4736842105263157,0.8157894736842105,True,True,True,True,True,True,True,True,True,True,True,True,0,4,0,0,28.0,0.3214285714285714
A04__jitter0.2__seed11,A04,11,0.2,full,13,1,True,True,True,4,0,0,0,True,True,True,19.8777,1.4644601739637884,0.8201854339284725,True,True,True,True,True,True,True,True,True,True,True,True,0,4,0,0,29.1101,0.3171545271228886
A04__jitter0.2__seed29,A04,29,0.2,full,13,1,True,True,True,4,0,0,0,True,True,True,19.982699999999998,1.485129637136123,0.8318170217237911,True,True,True,True,True,True,True,True,True,True,True,True,0,4,0,0,29.6769,0.3266581078212347
A04__jitter0.2__seed47,A04,47,0.2,full,13,1,True,True,True,4,0,0,0,True,True,True,19.990700000000004,1.453450854647411,0.8124202754280739,True,True,True,True,True,True,True,True,True,True,True,True,0,4,0,0,29.055500000000002,0.31198224088382565
A04__jitter0.5__seed11,A04,11,0.5,full,13,1,True,True,True,4,0,0,0,True,True,True,16.9985,1.4288849016089655,0.8120540047651263,True,True,True,True,True,True,True,True,True,True,True,True,0,4,0,0,24.2889,0.300153568090774
A04__jitter0.5__seed29,A04,29,0.5,full,13,1,True,True,True,4,0,0,0,True,True,True,20.2945,1.4073665278770109,0.7938480869201016,True,True,True,True,True,True,True,True,True,True,True,True,0,4,0,0,28.561799999999998,0.28945304567639296
A04__jitter0.5__seed47,A04,47,0.5,full,13,1,True,True,True,4,0,0,0,True,True,True,20.1121,1.3921022667946161,0.7633936784323865,True,True,True,True,True,True,True,True,True,True,True,True,0,4,0,0,27.9981,0.2816619699193873
I01__jitter0__seed0,I01,0,0,full,8,0,True,True,True,0,0,0,0,True,True,True,12.0,1.0833333333333333,0.5416666666666666,True,True,True,True,True,True,True,True,True,True,True,True,0,0,0,0,13.0,0.07692307692307687
I01__jitter0.2__seed11,I01,11,0.2,full,8,0,True,True,True,0,0,0,0,True,True,True,11.998800000000001,1.0947011367803445,0.5473505683901723,True,True,True,True,True,True,True,True,True,True,True,True,0,0,0,0,13.1351,0.08650866761577747
I01__jitter0.2__seed29,I01,29,0.2,full,8,0,True,True,True,0,0,0,0,True,True,True,11.729800000000001,1.0927552046923221,0.5463776023461611,True,True,True,True,True,True,True,True,True,True,True,True,0,0,0,0,12.817800000000002,0.08488196102295253
I01__jitter0.2__seed47,I01,47,0.2,full,8,0,True,True,True,0,0,0,0,True,True,True,12.318200000000001,1.0950625903135198,0.5475312951567599,True,True,True,True,True,True,True,True,True,True,True,True,0,0,0,0,13.4892,0.08681018889185421
I01__jitter0.5__seed11,I01,11,0.5,full,8,0,True,True,True,0,0,0,0,True,True,True,12.201999999999998,1.0875020488444518,0.5437510244222259,True,True,True,True,True,True,True,True,True,True,True,True,0,0,0,0,13.269699999999998,0.08046150252078044
I01__jitter0.5__seed29,I01,29,0.5,full,8,0,True,True,True,0,0,0,0,True,True,True,11.573600000000003,1.0502090965645952,0.5251045482822976,True,True,True,True,True,True,True,True,True,True,True,True,0,0,0,0,12.154700000000002,0.04780866660633332
I01__jitter0.5__seed47,I01,47,0.5,full,8,0,True,True,True,0,0,0,0,True,True,True,13.3516,1.0408789957757871,0.5204394978878936,True,True,True,True,True,True,True,True,True,True,True,True,0,0,0,0,13.8974,0.03927353317886795
I02__jitter0__seed0,I02,0,0,full,10,2,True,True,True,6,0,0,0,True,True,True,22.0,1.1363636363636365,0.7045454545454546,True,True,True,True,True,True,True,True,True,True,True,True,0,6,0,0,25.0,0.12
I02__jitter0.2__seed11,I02,11,0.2,full,10,2,True,True,True,6,0,0,0,True,True,True,24.159999999999997,1.0703683774834438,0.6582222682119205,True,True,True,True,True,True,True,True,True,True,True,True,0,6,0,0,25.8601,0.0657422051732206
I02__jitter0.2__seed29,I02,29,0.2,full,10,2,True,True,True,6,0,0,0,True,True,True,23.444599999999998,1.1160992296733576,0.697697977359392,True,True,True,True,True,True,True,True,True,True,True,True,0,6,0,0,26.1665,0.10402231861349442
I02__jitter0.2__seed47,I02,47,0.2,full,10,2,True,True,True,6,0,0,0,True,True,True,23.9735,1.0931570275512543,0.6833420234842638,True,True,True,True,True,True,True,True,True,True,True,True,0,6,0,0,26.206799999999998,0.0852183402780956
I02__jitter0.5__seed11,I02,11,0.5,full,10,2,True,True,True,6,0,0,0,True,True,True,24.537300000000002,1.1193081553390145,0.6808063641883988,True,True,True,True,True,True,True,True,True,True,True,True,0,6,0,0,27.4648,0.10659098191139194
I02__jitter0.5__seed29,I02,29,0.5,full,10,2,True,True,True,6,0,0,0,True,True,True,17.8981,1.0975075566680264,0.7148160977980905,True,True,True,True,True,True,True,True,True,True,True,True,0,6,0,0,19.6433,0.0888445424139529
I02__jitter0.5__seed47,I02,47,0.5,full,10,2,True,True,True,6,0,0,0,True,True,True,22.025599999999997,1.1268024480604388,0.693098031381665,True,True,True,True,True,True,True,True,True,True,True,True,0,6,0,0,24.8185,0.11253298950379764
I03__jitter0__seed0,I03,0,0,full,13,1,True,True,True,2,0,0,0,True,True,True,20.0,1.15,0.65,True,True,True,True,True,True,True,True,True,True,True,True,0,2,0,0,23.0,0.13043478260869568
I03__jitter0.2__seed11,I03,11,0.2,full,13,1,True,True,True,2,0,0,0,True,True,True,19.6887,1.16709076780082,0.6646274258838827,True,True,True,True,True,True,True,True,True,True,True,True,0,2,0,0,22.978500000000004,0.14316861413930426
I03__jitter0.2__seed29,I03,29,0.2,full,13,1,True,True,True,2,0,0,0,True,True,True,19.724600000000002,1.1779503766869797,0.6788198493252081,True,True,True,True,True,True,True,True,True,True,True,True,0,2,0,0,23.234600000000004,0.15106780405085518
I03__jitter0.2__seed47,I03,47,0.2,full,13,1,True,True,True,2,0,0,0,True,True,True,20.5216,1.150061398721347,0.6440019296740993,True,True,True,True,True,True,True,True,True,True,True,True,0,2,0,0,23.601099999999995,0.13048120638444805
I03__jitter0.5__seed11,I03,11,0.5,full,13,1,True,True,True,2,0,0,0,True,True,True,18.154500000000002,1.198716571648902,0.6614090170481146,True,True,True,True,True,True,True,True,True,True,True,True,0,2,0,0,21.762099999999997,0.1657744427238178
I03__jitter0.5__seed29,I03,29,0.5,full,13,1,True,True,True,2,0,0,0,True,True,True,18.5943,1.1874445394556394,0.6521595327600394,True,True,True,True,True,True,True,True,True,True,True,True,0,2,0,0,22.0797,0.1578554056440984
I03__jitter0.5__seed47,I03,47,0.5,full,13,1,True,True,True,2,0,0,0,True,True,True,20.673399999999997,1.1532403958710227,0.6810224733232078,True,True,True,True,True,True,True,True,True,True,True,True,0,2,0,0,23.841399999999997,0.13287810279597678
I04__jitter0__seed0,I04,0,0,full,10,2,True,True,True,4,0,0,0,True,True,True,18.0,1.0555555555555556,0.6944444444444444,True,True,True,True,True,True,True,True,True,True,True,True,0,4,0,0,19.0,0.052631578947368474
I04__jitter0.2__seed11,I04,11,0.2,full,10,2,True,True,True,4,0,0,0,True,True,True,17.1535,1.0593639781968693,0.702728306176582,True,True,True,True,True,True,True,True,True,True,True,True,0,4,0,0,18.1718,0.056037376594503585
I04__jitter0.2__seed29,I04,29,0.2,full,10,2,True,True,True,4,0,0,0,True,True,True,18.3828,1.0436712579150076,0.6975977544226124,True,True,True,True,True,True,True,True,True,True,True,True,0,4,0,0,19.1856,0.041843882912184216
I04__jitter0.2__seed47,I04,47,0.2,full,10,2,True,True,True,4,0,0,0,True,True,True,19.2519,1.044281343659587,0.693243264301186,True,True,True,True,True,True,True,True,True,True,True,True,0,4,0,0,20.104400000000002,0.04240365293169668
I04__jitter0.5__seed11,I04,11,0.5,full,10,2,True,True,True,4,0,0,0,True,True,True,16.453400000000002,1.031768509852067,0.6745475099371558,True,True,True,True,True,True,True,True,True,True,True,True,0,4,0,0,16.976100000000002,0.030790346428213766
I04__jitter0.5__seed29,I04,29,0.5,full,10,2,True,True,True,4,0,0,0,True,True,True,15.267399999999997,1.0412709433171334,0.699932535991721,True,True,True,True,True,True,True,True,True,True,True,True,0,4,0,0,15.897499999999999,0.039635162761440634
I04__jitter0.5__seed47,I04,47,0.5,full,10,2,True,True,True,4,0,0,0,True,True,True,19.5069,1.0522891899789304,0.7261558730500488,True,True,True,True,True,True,True,True,True,True,True,True,0,4,0,0,20.526899999999998,0.049690893413033455
P01__jitter0__seed0,P01,0,0,full,8,1,True,True,True,4,0,0,0,True,True,True,12.0,1.25,0.75,True,True,True,True,True,True,True,True,True,True,True,True,0,4,0,0,15.0,0.19999999999999996
P01__jitter0.2__seed11,P01,11,0.2,full,8,1,True,True,True,4,0,0,0,True,True,True,11.1143,1.2607541635550599,0.7430202531873351,True,True,True,True,True,True,True,True,True,True,True,True,0,4,0,0,14.012400000000001,0.20682395592475245
P01__jitter0.2__seed29,P01,29,0.2,full,8,1,True,True,True,4,0,0,0,True,True,True,12.2103,1.2494778998059015,0.7581058614448456,True,True,True,True,True,True,True,True,True,True,True,True,0,4,0,0,15.256499999999999,0.19966571625208918
P01__jitter0.2__seed47,P01,47,0.2,full,8,1,True,True,True,4,0,0,0,True,True,True,12.0976,1.2651434995370983,0.7376339108583521,True,True,True,True,True,True,True,True,True,True,True,True,0,4,0,0,15.3052,0.20957583043671424
P01__jitter0.5__seed11,P01,11,0.5,full,8,1,True,True,True,4,0,0,0,True,True,True,11.5493,1.2193206514680544,0.7245157715186201,True,True,True,True,True,True,True,True,True,True,True,True,0,4,0,0,14.0823,0.1798711858148171
P01__jitter0.5__seed29,P01,29,0.5,full,8,1,True,True,True,4,0,0,0,True,True,True,12.833500000000003,1.215428371060116,0.734663186192387,True,True,True,True,True,True,True,True,True,True,True,True,0,4,0,0,15.5982,0.17724481029862404
P01__jitter0.5__seed47,P01,47,0.5,full,8,1,True,True,True,4,0,0,0,True,True,True,12.302900000000001,1.1940436807581951,0.691397963081875,True,True,True,True,True,True,True,True,True,True,True,True,0,4,0,0,14.6902,0.16250970034444734
P02__jitter0__seed0,P02,0,0,full,11,1,True,True,True,6,0,0,0,True,True,True,15.0,1.4,0.8,True,True,True,True,True,True,True,True,True,True,True,True,0,6,0,0,21.0,0.2857142857142857
P02__jitter0.2__seed11,P02,11,0.2,full,11,1,True,True,True,6,0,0,0,True,True,True,14.634599999999999,1.3808030284394521,0.7797684938433577,True,True,True,True,True,True,True,True,True,True,True,True,0,6,0,0,20.207500000000003,0.2757837436595325
P02__jitter0.2__seed29,P02,29,0.2,full,11,1,True,True,True,6,0,0,0,True,True,True,14.9282,1.352353264291743,0.7762690746372636,True,True,True,True,True,True,True,True,True,True,True,True,0,6,0,0,20.1882,0.2605482410517034
P02__jitter0.2__seed47,P02,47,0.2,full,11,1,True,True,True,6,0,0,0,True,True,True,15.474300000000001,1.3800688884149848,0.7853925541058399,True,True,True,True,True,True,True,True,True,True,True,True,0,6,0,0,21.3556,0.2753984903257224
P02__jitter0.5__seed11,P02,11,0.5,full,11,1,True,True,True,6,0,0,0,True,True,True,15.712900000000001,1.292765816622011,0.7387846928320041,True,True,True,True,True,True,True,True,True,True,True,True,0,6,0,0,20.3131,0.22646469519669565
P02__jitter0.5__seed29,P02,29,0.5,full,11,1,True,True,True,6,0,0,0,True,True,True,13.2505,1.4086411833515717,0.7648730236594846,True,True,True,True,True,True,True,True,True,True,True,True,0,6,0,0,18.665200000000002,0.2900960075434499
P02__jitter0.5__seed47,P02,47,0.5,full,11,1,True,True,True,6,0,0,0,True,True,True,14.2011,1.323017231059566,0.7254438036490132,True,True,True,True,True,True,True,True,True,True,True,True,0,6,0,0,18.788300000000003,0.24415194562573528
P03__jitter0__seed0,P03,0,0,full,11,1,True,True,True,2,0,0,0,True,True,True,14.0,1.2857142857142858,0.75,True,True,True,True,True,True,True,True,True,True,True,True,0,2,0,0,18.0,0.2222222222222222
P03__jitter0.2__seed11,P03,11,0.2,full,11,1,True,True,True,2,0,0,0,True,True,True,14.701400000000001,1.2709401825676465,0.7542104833553266,True,True,True,True,True,True,True,True,True,True,True,True,0,2,0,0,18.6846,0.21318090834162884
P03__jitter0.2__seed29,P03,29,0.2,full,11,1,True,True,True,2,0,0,0,True,True,True,14.737,1.2510212390581532,0.7465087874058493,True,True,True,True,True,True,True,True,True,True,True,True,0,2,0,0,18.436300000000003,0.2006530594533611
P03__jitter0.2__seed47,P03,47,0.2,full,11,1,True,True,True,2,0,0,0,True,True,True,13.355799999999999,1.2993605774270356,0.7489068419712784,True,True,True,True,True,True,True,True,True,True,True,True,0,2,0,0,17.354,0.23039068802581542
P03__jitter0.5__seed11,P03,11,0.5,full,11,1,True,True,True,2,0,0,0,True,True,True,16.8501,1.2460400828481728,0.7491498566774084,True,True,True,True,True,True,True,True,True,True,True,True,0,2,0,0,20.9959,0.19745759886454017
P03__jitter0.5__seed29,P03,29,0.5,full,11,1,True,True,True,2,0,0,0,True,True,True,15.2166,1.2764415178160693,0.7527371423314013,True,True,True,True,True,True,True,True,True,True,True,True,0,2,0,0,19.423099999999998,0.21657201991443176
P03__jitter0.5__seed47,P03,47,0.5,full,11,1,True,True,True,2,0,0,0,True,True,True,12.156600000000001,1.2832946712074098,0.739108796867545,True,True,True,True,True,True,True,True,True,True,True,True,0,2,0,0,15.6005,0.22075574500817274
P04__jitter0__seed0,P04,0,0,full,13,2,True,True,True,6,0,0,0,True,True,True,18.0,1.2777777777777777,0.8055555555555556,True,True,True,True,True,True,True,True,True,True,True,True,0,6,0,0,23.0,0.21739130434782605
P04__jitter0.2__seed11,P04,11,0.2,full,13,2,True,True,True,6,0,0,0,True,True,True,17.1745,1.2516696264811205,0.7904858947858745,True,True,True,True,True,True,True,True,True,True,True,True,0,6,0,0,21.4968,0.20106713557366684
P04__jitter0.2__seed29,P04,29,0.2,full,13,2,True,True,True,6,0,0,0,True,True,True,17.494899999999998,1.281670658306135,0.8019479962731997,True,True,True,True,True,True,True,True,True,True,True,True,0,6,0,0,22.4227,0.21976835974258235
P04__jitter0.2__seed47,P04,47,0.2,full,13,2,True,True,True,6,0,0,0,True,True,True,18.3085,1.2690772045771088,0.790668268836879,True,True,True,True,True,True,True,True,True,True,True,True,0,6,0,0,23.234899999999996,0.21202587486926983
P04__jitter0.5__seed11,P04,11,0.5,full,13,2,True,True,True,6,0,0,0,True,True,True,19.7915,1.225692847939772,0.8161559255235834,True,True,True,True,True,True,True,True,True,True,True,True,0,6,0,0,24.258299999999995,0.18413491464776988
P04__jitter0.5__seed29,P04,29,0.5,full,13,2,True,True,True,6,0,0,0,True,True,True,22.4181,1.2166552919292892,0.7918400756531554,True,True,True,True,True,True,True,True,True,True,True,True,0,6,0,0,27.2751,0.17807450751784593
P04__jitter0.5__seed47,P04,47,0.5,full,13,2,True,True,True,6,0,0,0,True,True,True,18.427,1.3089488250936128,0.8006403646822597,True,True,True,True,True,True,True,True,True,True,True,True,0,6,0,0,24.12,0.236028192371476
S01__jitter0__seed0,S01,0,0,full,7,0,True,True,True,0,0,0,0,True,True,True,9.0,1.4444444444444444,0.7222222222222222,True,True,True,True,True,True,True,True,True,True,True,True,0,0,0,0,13.0,0.3076923076923077
S01__jitter0.2__seed11,S01,11,0.2,full,7,0,True,True,True,0,0,0,0,True,True,True,8.460700000000001,1.414221045539967,0.7071105227699835,True,True,True,True,True,True,True,True,True,True,True,True,0,0,0,0,11.965300000000001,0.29289696037709034
S01__jitter0.2__seed29,S01,29,0.2,full,7,0,True,True,True,0,0,0,0,True,True,True,9.5311,1.366159205128474,0.683079602564237,True,True,True,True,True,True,True,True,True,True,True,True,0,0,0,0,13.021,0.2680208893326166
S01__jitter0.2__seed47,S01,47,0.2,full,7,0,True,True,True,0,0,0,0,True,True,True,8.703100000000001,1.4412910342291827,0.7206455171145913,True,True,True,True,True,True,True,True,True,True,True,True,0,0,0,0,12.543700000000001,0.3061776030995639
S01__jitter0.5__seed11,S01,11,0.5,full,7,0,True,True,True,0,0,0,0,True,True,True,9.0216,1.4061474682983064,0.7030737341491532,True,True,True,True,True,True,True,True,True,True,True,True,0,0,0,0,12.6857,0.2888370369786454
S01__jitter0.5__seed29,S01,29,0.5,full,7,0,True,True,True,0,0,0,0,True,True,True,10.050999999999998,1.2871853546910756,0.6435926773455378,True,True,True,True,True,True,True,True,True,True,True,True,0,0,0,0,12.9375,0.22311111111111126
S01__jitter0.5__seed47,S01,47,0.5,full,7,0,True,True,True,0,0,0,0,True,True,True,10.818499999999998,1.416702870083653,0.7083514350418265,True,True,True,True,True,True,True,True,True,True,True,True,0,0,0,0,15.3266,0.29413568567066417
S02__jitter0__seed0,S02,0,0,full,9,0,True,True,True,0,0,0,0,True,True,True,11.0,1.3636363636363635,0.6818181818181818,True,True,True,True,True,True,True,True,True,True,True,True,0,0,0,0,15.0,0.2666666666666667
S02__jitter0.2__seed11,S02,11,0.2,full,9,0,True,True,True,0,0,0,0,True,True,True,10.828400000000002,1.3293284326400945,0.6646642163200472,True,True,True,True,True,True,True,True,True,True,True,True,0,0,0,0,14.3945,0.24774045642432863
S02__jitter0.2__seed29,S02,29,0.2,full,9,0,True,True,True,0,0,0,0,True,True,True,11.603000000000002,1.3759286391450487,0.6879643195725244,True,True,True,True,True,True,True,True,True,True,True,True,0,0,0,0,15.964900000000002,0.2732181222556984
S02__jitter0.2__seed47,S02,47,0.2,full,9,0,True,True,True,0,0,0,0,True,True,True,11.340300000000001,1.2938282056030261,0.6469141028015131,True,True,True,True,True,True,True,True,True,True,True,True,0,0,0,0,14.6724,0.22709986096344148
S02__jitter0.5__seed11,S02,11,0.5,full,9,0,True,True,True,0,0,0,0,True,True,True,14.1018,1.2696322455289395,0.6348161227644697,True,True,True,True,True,True,True,True,True,True,True,True,0,0,0,0,17.9041,0.21237035092520706
S02__jitter0.5__seed29,S02,29,0.5,full,9,0,True,True,True,0,0,0,0,True,True,True,8.901,1.3207954162453657,0.6603977081226828,True,True,True,True,True,True,True,True,True,True,True,True,0,0,0,0,11.7564,0.2428804736143717
S02__jitter0.5__seed47,S02,47,0.5,full,9,0,True,True,True,0,0,0,0,True,True,True,8.963899999999999,1.4958332868505897,0.7479166434252948,True,True,True,True,True,True,True,True,True,True,True,True,0,0,0,0,13.4085,0.33147630234552716
S03__jitter0__seed0,S03,0,0,full,11,0,True,True,True,0,0,0,0,True,True,True,17.0,1.2352941176470589,0.6176470588235294,True,True,True,True,True,True,True,True,True,True,True,True,0,0,0,0,21.0,0.19047619047619047
S03__jitter0.2__seed11,S03,11,0.2,full,11,0,True,True,True,0,0,0,0,True,True,True,15.315999999999999,1.382671715852703,0.6913358579263515,True,True,True,True,True,True,True,True,True,True,True,True,0,0,0,0,21.177,0.27676252538130997
S03__jitter0.2__seed29,S03,29,0.2,full,11,0,True,True,True,0,0,0,0,True,True,True,16.9148,1.2176259843450705,0.6088129921725353,True,True,True,True,True,True,True,True,True,True,True,True,0,0,0,0,20.595899999999997,0.17872974718269163
S03__jitter0.2__seed47,S03,47,0.2,full,11,0,True,True,True,0,0,0,0,True,True,True,17.424799999999998,1.2209150176759564,0.6104575088379782,True,True,True,True,True,True,True,True,True,True,True,True,0,0,0,0,21.274200000000004,0.18094217408880264
S03__jitter0.5__seed11,S03,11,0.5,full,11,0,True,True,True,0,0,0,0,True,True,True,18.066600000000005,1.2252222332923732,0.6126111166461866,True,True,True,True,True,True,True,True,True,True,True,True,0,0,0,0,22.135599999999997,0.1838215363486868
S03__jitter0.5__seed29,S03,29,0.5,full,11,0,True,True,True,0,0,0,0,True,True,True,16.793799999999997,1.2632578689754554,0.6316289344877277,True,True,True,True,True,True,True,True,True,True,True,True,0,0,0,0,21.2149,0.20839598584014074
S03__jitter0.5__seed47,S03,47,0.5,full,11,0,True,True,True,0,0,0,0,True,True,True,16.3677,1.3370724047972535,0.6685362023986268,True,True,True,True,True,True,True,True,True,True,True,True,0,0,0,0,21.884800000000006,0.25209734610323165
S04__jitter0__seed0,S04,0,0,full,16,1,True,True,True,2,0,0,0,True,True,True,16.0,1.375,0.78125,True,True,True,True,True,True,True,True,True,True,True,True,0,2,0,0,22.0,0.2727272727272727
S04__jitter0.2__seed11,S04,11,0.2,full,16,1,True,True,True,2,0,0,0,True,True,True,16.6222,1.369337392162289,0.7825889473114269,True,True,True,True,True,True,True,True,True,True,True,True,0,2,0,0,22.7614,0.2697197887651902
S04__jitter0.2__seed29,S04,29,0.2,full,16,1,True,True,True,2,0,0,0,True,True,True,14.9255,1.3438611771799942,0.7598874409567519,True,True,True,True,True,True,True,True,True,True,True,True,0,2,0,0,20.057800000000004,0.25587551974792866
S04__jitter0.2__seed47,S04,47,0.2,full,16,1,True,True,True,2,0,0,0,True,True,True,16.3431,1.3578390880555096,0.7758687152376232,True,True,True,True,True,True,True,True,True,True,True,True,0,2,0,0,22.1913,0.263535709940382
S04__jitter0.5__seed11,S04,11,0.5,full,16,1,True,True,True,2,0,0,0,True,True,True,17.517300000000002,1.2549422570829978,0.7199968031603043,True,True,True,True,True,True,True,True,True,True,True,True,0,2,0,0,21.9832,0.20315058772153272
S04__jitter0.5__seed29,S04,29,0.5,full,16,1,True,True,True,2,0,0,0,True,True,True,19.289700000000003,1.2647630600786945,0.7422614141225626,True,True,True,True,True,True,True,True,True,True,True,True,0,2,0,0,24.3969,0.2093380716402492
S04__jitter0.5__seed47,S04,47,0.5,full,16,1,True,True,True,2,0,0,0,True,True,True,18.497600000000002,1.28172303433959,0.736568527809013,True,True,True,True,True,True,True,True,True,True,True,True,0,2,0,0,23.708800000000004,0.21980024294776623
T01__jitter0__seed0,T01,0,0,full,9,2,True,True,True,6,0,0,0,True,True,True,24.0,1.125,0.7083333333333334,True,True,True,True,True,True,True,True,True,True,True,True,0,6,0,0,27.0,0.11111111111111116
T01__jitter0.2__seed11,T01,11,0.2,full,9,2,True,True,True,6,0,0,0,True,True,True,23.599500000000003,1.1243585669187905,0.6981800461874192,True,True,True,True,True,True,True,True,True,True,True,True,0,6,0,0,26.5343,0.11060401065790315
T01__jitter0.2__seed29,T01,29,0.2,full,9,2,True,True,True,6,0,0,0,True,True,True,23.4776,1.1240501584489044,0.7040711145943368,True,True,True,True,True,True,True,True,True,True,True,True,0,6,0,0,26.389999999999997,0.11035998484274345
T01__jitter0.2__seed47,T01,47,0.2,full,9,2,True,True,True,6,0,0,0,True,True,True,24.509800000000002,1.1307028209124512,0.697308831569413,True,True,True,True,True,True,True,True,True,True,True,True,0,6,0,0,27.7133,0.11559431752985028
T01__jitter0.5__seed11,T01,11,0.5,full,9,2,True,True,True,6,0,0,0,True,True,True,29.726800000000004,1.0995061695170687,0.6678149010320652,True,True,True,True,True,True,True,True,True,True,True,True,0,6,0,0,32.6848,0.09050078323869193
T01__jitter0.5__seed29,T01,29,0.5,full,9,2,True,True,True,6,0,0,0,True,True,True,25.480599999999995,1.112960448341091,0.7415170757360503,True,True,True,True,True,True,True,True,True,True,True,True,0,6,0,0,28.3589,0.10149547408397375
T01__jitter0.5__seed47,T01,47,0.5,full,9,2,True,True,True,6,0,0,0,True,True,True,25.6043,1.0724682963408492,0.69137605792777,True,True,True,True,True,True,True,True,True,True,True,True,0,6,0,0,27.4598,0.0675715045266172
T02__jitter0__seed0,T02,0,0,full,11,0,True,True,True,0,0,0,0,True,True,True,17.0,1.411764705882353,0.7058823529411765,True,True,True,True,True,True,True,True,True,True,True,True,0,0,0,0,24.0,0.29166666666666663
T02__jitter0.2__seed11,T02,11,0.2,full,11,0,True,True,True,0,0,0,0,True,True,True,16.4108,1.4161832451800036,0.7080916225900018,True,True,True,True,True,True,True,True,True,True,True,True,0,0,0,0,23.2407,0.29387669046113074
T02__jitter0.2__seed29,T02,29,0.2,full,11,0,True,True,True,0,0,0,0,True,True,True,17.2256,1.4138085175552666,0.7069042587776333,True,True,True,True,True,True,True,True,True,True,True,True,0,0,0,0,24.3537,0.29269063838348996
T02__jitter0.2__seed47,T02,47,0.2,full,11,0,True,True,True,0,0,0,0,True,True,True,17.2338,1.3811637595887154,0.6905818797943577,True,True,True,True,True,True,True,True,True,True,True,True,0,0,0,0,23.8027,0.27597289383137213
T02__jitter0.5__seed11,T02,11,0.5,full,11,0,True,True,True,0,0,0,0,True,True,True,17.6614,1.473609113660299,0.7368045568301494,True,True,True,True,True,True,True,True,True,True,True,True,0,0,0,0,26.026000000000003,0.32139399062475993
T02__jitter0.5__seed29,T02,29,0.5,full,11,0,True,True,True,0,0,0,0,True,True,True,15.906099999999999,1.3997711569775118,0.6998855784887559,True,True,True,True,True,True,True,True,True,True,True,True,0,0,0,0,22.264899999999997,0.28559750998207944
T02__jitter0.5__seed47,T02,47,0.5,full,11,0,True,True,True,0,0,0,0,True,True,True,19.767100000000003,1.4557825882400552,0.7278912941200276,True,True,True,True,True,True,True,True,True,True,True,True,0,0,0,0,28.776600000000002,0.31308424205778296
T03__jitter0__seed0,T03,0,0,full,11,1,True,True,True,4,0,0,0,True,True,True,23.0,1.173913043478261,0.6521739130434783,True,True,True,True,True,True,True,True,True,True,True,True,0,4,0,0,27.0,0.14814814814814814
T03__jitter0.2__seed11,T03,11,0.2,full,11,1,True,True,True,4,0,0,0,True,True,True,21.9023,1.1886103285956269,0.6514612620592357,True,True,True,True,True,True,True,True,True,True,True,True,0,4,0,0,26.0333,0.1586813811541372
T03__jitter0.2__seed29,T03,29,0.2,full,11,1,True,True,True,4,0,0,0,True,True,True,23.0212,1.166933087762584,0.6428379059301862,True,True,True,True,True,True,True,True,True,True,True,True,0,4,0,0,26.8642,0.14305283611646724
T03__jitter0.2__seed47,T03,47,0.2,full,11,1,True,True,True,4,0,0,0,True,True,True,21.7942,1.1833744757779592,0.6511594827981756,True,True,True,True,True,True,True,True,True,True,True,True,0,4,0,0,25.790699999999998,0.15495895807403437
T03__jitter0.5__seed11,T03,11,0.5,full,11,1,True,True,True,4,0,0,0,True,True,True,23.9576,1.1149697799445686,0.6214729355194176,True,True,True,True,True,True,True,True,True,True,True,True,0,4,0,0,26.711999999999996,0.10311470500149733
T03__jitter0.5__seed29,T03,29,0.5,full,11,1,True,True,True,4,0,0,0,True,True,True,18.0961,1.2253026895297883,0.6743414326843906,True,True,True,True,True,True,True,True,True,True,True,True,0,4,0,0,22.1732,0.18387512853354504
T03__jitter0.5__seed47,T03,47,0.5,full,11,1,True,True,True,4,0,0,0,True,True,True,19.8223,1.220443641757011,0.6526740085661098,True,True,True,True,True,True,True,True,True,True,True,True,0,4,0,0,24.191999999999997,0.18062582671957672
T04__jitter0__seed0,T04,0,0,full,14,2,True,True,True,10,0,0,0,True,True,True,30.0,1.1666666666666667,0.7166666666666667,True,True,True,True,True,True,True,True,True,True,True,True,0,10,0,0,35.0,0.1428571428571429
T04__jitter0.2__seed11,T04,11,0.2,full,14,2,True,True,True,10,0,0,0,True,True,True,30.6825,1.1632657052065507,0.7319465493359405,True,True,True,True,True,True,True,True,True,True,True,True,0,10,0,0,35.69189999999999,0.14035117211468118
T04__jitter0.2__seed29,T04,29,0.2,full,14,2,True,True,True,10,0,0,0,True,True,True,26.9694,1.2061781129724798,0.7308375418066402,True,True,True,True,True,True,True,True,True,True,True,True,0,10,0,0,32.5299,0.17093504744865484
T04__jitter0.2__seed47,T04,47,0.2,full,14,2,True,True,True,10,0,0,0,True,True,True,28.527800000000006,1.170566955741417,0.7302263055686031,True,True,True,True,True,True,True,True,True,True,True,True,0,10,0,0,33.3937,0.1457131135513584
T04__jitter0.5__seed11,T04,11,0.5,full,14,2,True,True,True,10,0,0,0,True,True,True,33.312000000000005,1.1289505283381362,0.6658471421709893,True,True,True,True,True,True,True,True,True,True,True,True,0,10,0,0,37.6076,0.11422159350769512
T04__jitter0.5__seed29,T04,29,0.5,full,14,2,True,True,True,10,0,0,0,True,True,True,30.558800000000005,1.166986269094336,0.7281879524065081,True,True,True,True,True,True,True,True,True,True,True,True,0,10,0,0,35.6617,0.14309188849662235
T04__jitter0.5__seed47,T04,47,0.5,full,14,2,True,True,True,10,0,0,0,True,True,True,28.288800000000002,1.1492710896185063,0.7044112864455191,True,True,True,True,True,True,True,True,True,True,True,True,0,10,0,0,32.511500000000005,0.1298832720729589
W01__jitter0__seed0,W01,0,0,full,8,2,True,True,True,10,0,0,0,True,True,True,14.0,1.0714285714285714,0.75,True,True,True,True,True,True,True,True,True,True,True,True,0,10,0,0,15.0,0.06666666666666665
W01__jitter0.2__seed11,W01,11,0.2,full,8,2,True,True,True,10,0,0,0,True,True,True,13.947700000000001,1.0844583694802727,0.7906429016970539,True,True,True,True,True,True,True,True,True,True,True,True,0,10,0,0,15.1257,0.07788069312494617
W01__jitter0.2__seed29,W01,29,0.2,full,8,2,True,True,True,10,0,0,0,True,True,True,12.8331,1.0879756255308537,0.7769401002096141,True,True,True,True,True,True,True,True,True,True,True,True,0,10,0,0,13.9621,0.0808617614828715
W01__jitter0.2__seed47,W01,47,0.2,full,8,2,True,True,True,10,0,0,0,True,True,True,13.5471,1.075986742550066,0.7411364793941139,True,True,True,True,True,True,True,True,True,True,True,True,0,10,0,0,14.5765,0.070620519329057
W01__jitter0.5__seed11,W01,11,0.5,full,8,2,True,True,True,10,0,0,0,True,True,True,14.3469,1.0461354020729217,0.7491548696931044,True,True,True,True,True,True,True,True,True,True,True,True,0,10,0,0,15.0088,0.04410079420073565
W01__jitter0.5__seed29,W01,29,0.5,full,8,2,True,True,True,10,0,0,0,True,True,True,12.567499999999999,1.1000835488362841,0.7161328824348517,True,True,True,True,True,True,True,True,True,True,True,True,0,10,0,0,13.825299999999999,0.09097813429003343
W01__jitter0.5__seed47,W01,47,0.5,full,8,2,True,True,True,10,0,0,0,True,True,True,9.5123,1.1532752331192244,0.7921270355224289,True,True,True,True,True,True,True,True,True,True,True,True,0,10,0,0,10.970299999999998,0.13290429614504606
W02__jitter0__seed0,W02,0,0,full,9,0,True,True,True,0,0,0,0,True,True,True,11.0,1.5454545454545454,0.7727272727272727,True,True,True,True,True,True,True,True,True,True,True,True,0,0,0,0,17.0,0.3529411764705882
W02__jitter0.2__seed11,W02,11,0.2,full,9,0,True,True,True,0,0,0,0,True,True,True,12.133199999999999,1.4999423070583193,0.7499711535291597,True,True,True,True,True,True,True,True,True,True,True,True,0,0,0,0,18.199099999999998,0.33330769103966684
W02__jitter0.2__seed29,W02,29,0.2,full,9,0,True,True,True,0,0,0,0,True,True,True,10.757099999999998,1.5499344618902866,0.7749672309451433,True,True,True,True,True,True,True,True,True,True,True,True,0,0,0,0,16.6728,0.35481142939398314
W02__jitter0.2__seed47,W02,47,0.2,full,9,0,True,True,True,0,0,0,0,True,True,True,9.9848,1.5818143578238923,0.7909071789119462,True,True,True,True,True,True,True,True,True,True,True,True,0,0,0,0,15.7941,0.36781456366617915
W02__jitter0.5__seed11,W02,11,0.5,full,9,0,True,True,True,0,0,0,0,True,True,True,13.1615,1.4486190783725261,0.7243095391862631,True,True,True,True,True,True,True,True,True,True,True,True,0,0,0,0,19.066000000000003,0.3096874016574007
W02__jitter0.5__seed29,W02,29,0.5,full,9,0,True,True,True,0,0,0,0,True,True,True,8.694099999999999,1.4812919106060431,0.7406459553030216,True,True,True,True,True,True,True,True,True,True,True,True,0,0,0,0,12.878499999999999,0.324913615716116
W02__jitter0.5__seed47,W02,47,0.5,full,9,0,True,True,True,0,0,0,0,True,True,True,11.991999999999999,1.4213892595063378,0.7106946297531689,True,True,True,True,True,True,True,True,True,True,True,True,0,0,0,0,17.0453,0.2964629545974551
W03__jitter0__seed0,W03,0,0,full,14,1,True,True,True,4,0,0,0,True,True,True,23.0,1.173913043478261,0.6739130434782609,True,True,True,True,True,True,True,True,True,True,True,True,0,4,0,0,27.0,0.14814814814814814
W03__jitter0.2__seed11,W03,11,0.2,full,14,1,True,True,True,4,0,0,0,True,True,True,21.802200000000003,1.1822751832383889,0.6712671198319435,True,True,True,True,True,True,True,True,True,True,True,True,0,4,0,0,25.776200000000006,0.15417322956836166
W03__jitter0.2__seed29,W03,29,0.2,full,14,1,True,True,True,4,0,0,0,True,True,True,23.1173,1.1763571005264457,0.6772525338166654,True,True,True,True,True,True,True,True,True,True,True,True,0,4,0,0,27.194200000000002,0.14991799721999555
W03__jitter0.2__seed47,W03,47,0.2,full,14,1,True,True,True,4,0,0,0,True,True,True,22.372900000000005,1.1760388684524576,0.6664469067487897,True,True,True,True,True,True,True,True,True,True,True,True,0,4,0,0,26.311399999999995,0.14968796795305428
W03__jitter0.5__seed11,W03,11,0.5,full,14,1,True,True,True,4,0,0,0,True,True,True,23.3414,1.1659112135518863,0.6688930398348,True,True,True,True,True,True,True,True,True,True,True,True,0,4,0,0,27.214,0.14230175644888654
W03__jitter0.5__seed29,W03,29,0.5,full,14,1,True,True,True,4,0,0,0,True,True,True,22.6711,1.1816894636784276,0.6862260763703572,True,True,True,True,True,True,True,True,True,True,True,True,0,4,0,0,26.790200000000002,0.15375398466603474
W03__jitter0.5__seed47,W03,47,0.5,full,14,1,True,True,True,4,0,0,0,True,True,True,24.808799999999998,1.1610557544097255,0.6875745703137596,True,True,True,True,True,True,True,True,True,True,True,True,0,4,0,0,28.804399999999998,0.13871491855410978
W04__jitter0__seed0,W04,0,0,full,13,1,True,True,True,2,0,0,0,True,True,True,19.0,1.105263157894737,0.631578947368421,True,True,True,True,True,True,True,True,True,True,True,True,0,2,0,0,21.0,0.09523809523809523
W04__jitter0.2__seed11,W04,11,0.2,full,13,1,True,True,True,2,0,0,0,True,True,True,17.7535,1.17180837581322,0.6565325147154083,True,True,True,True,True,True,True,True,True,True,True,True,0,2,0,0,20.803700000000003,0.146618149656071
W04__jitter0.2__seed29,W04,29,0.2,full,13,1,True,True,True,2,0,0,0,True,True,True,18.044700000000002,1.1561511136233906,0.6708784296774122,True,True,True,True,True,True,True,True,True,True,True,True,0,2,0,0,20.8624,0.13506116266584856
W04__jitter0.2__seed47,W04,47,0.2,full,13,1,True,True,True,2,0,0,0,True,True,True,18.594099999999997,1.167144416777365,0.6696263868646507,True,True,True,True,True,True,True,True,True,True,True,True,0,2,0,0,21.701999999999998,0.14320799926274086
W04__jitter0.5__seed11,W04,11,0.5,full,13,1,True,True,True,2,0,0,0,True,True,True,19.967,1.1353433164721791,0.6295712926328442,True,True,True,True,True,True,True,True,True,True,True,True,0,2,0,0,22.6694,0.11920915419023004
W04__jitter0.5__seed29,W04,29,0.5,full,13,1,True,True,True,2,0,0,0,True,True,True,18.3689,1.1459042185432986,0.6882121411733962,True,True,True,True,True,True,True,True,True,True,True,True,0,2,0,0,21.049,0.12732671385814054
W04__jitter0.5__seed47,W04,47,0.5,full,13,1,True,True,True,2,0,0,0,True,True,True,17.573999999999998,1.1430237851371345,0.6212216911346308,True,True,True,True,True,True,True,True,True,True,True,True,0,2,0,0,20.0875,0.12512756689483517
