id,nodes,list_makespan,milp_status,milp_schedule_valid,milp_optimal,milp_makespan,dual_bound,solver_gap,build_solve_seconds,list_gap_to_optimum
A01,7,12.0,0,True,True,12.0,12.0,0.0,0.00235659999998461,0.0
A02,9,19.0,0,True,True,17.0,17.0,0.0,0.005452199999126606,0.11764705882352944
A03,9,19.0,0,True,True,19.0,19.0,0.0,0.003645900000265101,0.0
A04,13,19.0,0,True,True,18.0,18.0,0.0,0.012415700000929064,0.05555555555555558
I01,8,12.0,0,True,True,10.0,10.0,0.0,0.005387200000768644,0.19999999999999996
I02,10,22.0,0,True,True,21.0,21.0,0.0,0.008797500000582659,0.04761904761904767
I03,13,20.0,0,True,True,19.0,19.0,0.0,0.004620699999577482,0.05263157894736836
I04,10,18.0,0,True,True,16.0,15.999999,0.0,0.009935000000041327,0.125
P01,8,12.0,0,True,True,12.0,12.0,0.0,0.005333299999620067,0.0
P02,11,15.0,0,True,True,15.0,15.0,0.0,0.005316799999491195,0.0
P03,11,14.0,0,True,True,14.0,14.0,0.0,0.006642899999860674,0.0
P04,13,18.0,0,True,True,18.0,18.0,0.0,0.010233900000457652,0.0
S01,7,9.0,0,True,True,9.0,9.0,0.0,0.005229000000326778,0.0
S02,9,11.0,0,True,True,11.0,11.0,0.0,0.001930400001583621,0.0
S03,11,17.0,0,True,True,15.0,15.0,0.0,0.005840800000441959,0.1333333333333333
S04,16,16.0,0,True,True,14.0,14.000000000000002,0.0,0.27789429999938875,0.1428571428571428
T01,9,24.0,0,True,True,22.0,22.0,0.0,0.009132700000918703,0.09090909090909083
T02,11,17.0,0,True,True,15.0,15.0,0.0,0.009425300000657444,0.1333333333333333
T03,11,23.0,0,True,True,21.0,21.0,0.0,0.009143799999947078,0.09523809523809534
T04,14,30.0,0,True,True,28.0,28.0,0.0,0.006880399998408393,0.0714285714285714
W01,8,14.0,0,True,True,14.0,13.999999,0.0,0.006574700000783196,0.0
W02,9,11.0,0,True,True,11.0,10.999999,0.0,0.003994099999545142,0.0
W03,14,23.0,0,True,True,22.0,22.0,0.0,0.013634700000693556,0.045454545454545414
W04,13,19.0,0,True,True,14.0,14.0,0.0,0.0177133999986836,0.3571428571428572
