id,width,depth,resource_pattern,join_mode,method,nodes,cooperative_nodes,before_joint,after_joint,accepted,accepted_events,rejected_events,net_added,net_removed,replay_valid,export_valid,independent_graph_valid,makespan,speedup,utilization,before_schema_valid,before_closed,before_goal_reachable,before_acyclic,before_synchronization_complete,before_resource_ordered,after_schema_valid,after_closed,after_goal_reachable,after_acyclic,after_synchronization_complete,after_resource_ordered,state_closure_accepted_events,synchronization_accepted_events,resource_mutex_accepted_events,compression_accepted_events,serial_duration,duration_reduction,timing_median_ms
w2_d2_shared_single,2,2,shared,single,full,6,0,False,True,True,2,0,2,0,True,True,True,12.0,1.0,0.5,True,True,True,True,True,False,True,True,True,True,True,True,0,0,2,0,12.0,0.0,2.2028999992471654
w2_d2_shared_cooperative,2,2,shared,cooperative,full,6,2,False,True,True,10,0,2,0,True,True,True,12.0,1.0,0.6666666666666666,True,True,True,True,True,False,True,True,True,True,True,True,0,8,2,0,12.0,0.0,3.7619999993694364
w2_d2_separate_single,2,2,separate,single,full,6,0,True,True,True,0,0,0,0,True,True,True,9.0,1.3333333333333333,0.6666666666666666,True,True,True,True,True,True,True,True,True,True,True,True,0,0,0,0,12.0,0.25,2.1613999997498468
w2_d2_separate_cooperative,2,2,separate,cooperative,full,6,2,True,True,True,8,0,0,0,True,True,True,9.0,1.3333333333333333,0.8888888888888888,True,True,True,True,True,True,True,True,True,True,True,True,0,8,0,0,12.0,0.25,1.901249999718857
w2_d4_shared_single,2,4,shared,single,full,12,0,False,True,True,4,0,4,0,True,True,True,23.0,1.0,0.5,True,True,True,True,True,False,True,True,True,True,True,True,0,0,4,0,23.0,0.0,8.456600000499748
w2_d4_shared_cooperative,2,4,shared,cooperative,full,12,4,False,True,True,20,0,4,0,True,True,True,23.0,1.0,0.6739130434782609,True,True,True,True,True,False,True,True,True,True,True,True,0,16,4,0,23.0,0.0,9.862749999228981
w2_d4_separate_single,2,4,separate,single,full,12,0,True,True,True,0,0,0,0,True,True,True,18.0,1.2777777777777777,0.6388888888888888,True,True,True,True,True,True,True,True,True,True,True,True,0,0,0,0,23.0,0.21739130434782605,6.301749999693129
w2_d4_separate_cooperative,2,4,separate,cooperative,full,12,4,True,True,True,16,0,0,0,True,True,True,18.0,1.2777777777777777,0.8611111111111112,True,True,True,True,True,True,True,True,True,True,True,True,0,16,0,0,23.0,0.21739130434782605,7.4314499997854
w4_d2_shared_single,4,2,shared,single,full,10,0,False,True,True,12,0,12,0,True,True,True,19.0,1.0,0.5,True,True,True,True,True,False,True,True,True,True,True,True,0,0,12,0,19.0,0.0,15.64570000027743
w4_d2_shared_cooperative,4,2,shared,cooperative,full,10,2,False,True,True,28,0,12,0,True,True,True,19.0,1.0,0.6052631578947368,True,True,True,True,True,False,True,True,True,True,True,True,0,16,12,0,19.0,0.0,15.603799999553303
w4_d2_separate_single,4,2,separate,single,full,10,0,True,True,True,0,0,0,0,True,True,True,13.0,1.4615384615384615,0.7307692307692307,True,True,True,True,True,True,True,True,True,True,True,True,0,0,0,0,19.0,0.3157894736842105,4.574949999550881
w4_d2_separate_cooperative,4,2,separate,cooperative,full,10,2,True,True,True,16,0,0,0,True,True,True,13.0,1.4615384615384615,0.8846153846153846,True,True,True,True,True,True,True,True,True,True,True,True,0,16,0,0,19.0,0.3157894736842105,5.836399999679998
w4_d4_shared_single,4,4,shared,single,full,20,0,False,True,True,24,0,24,0,True,True,True,39.0,1.0,0.5,True,True,True,True,True,False,True,True,True,True,True,True,0,0,24,0,39.0,0.0,52.90999999942869
w4_d4_shared_cooperative,4,4,shared,cooperative,full,20,4,False,True,True,56,0,24,0,True,True,True,39.0,1.0,0.6025641025641025,True,True,True,True,True,False,True,True,True,True,True,True,0,32,24,0,39.0,0.0,68.73100000029808
w4_d4_separate_single,4,4,separate,single,full,20,0,True,True,True,0,0,0,0,True,True,True,27.0,1.4444444444444444,0.7222222222222222,True,True,True,True,True,True,True,True,True,True,True,True,0,0,0,0,39.0,0.3076923076923077,21.973500000058266
w4_d4_separate_cooperative,4,4,separate,cooperative,full,20,4,True,True,True,32,0,0,0,True,True,True,27.0,1.4444444444444444,0.8703703703703703,True,True,True,True,True,True,True,True,True,True,True,True,0,32,0,0,39.0,0.3076923076923077,22.726500000317174
w8_d2_shared_single,8,2,shared,single,full,18,0,False,True,True,56,0,56,0,True,True,True,36.0,1.0,0.5,True,True,True,True,True,False,True,True,True,True,True,True,0,0,56,0,36.0,0.0,99.68174999903567
w8_d2_shared_cooperative,8,2,shared,cooperative,full,18,2,False,True,True,88,0,56,0,True,True,True,36.0,1.0,0.5555555555555556,True,True,True,True,True,False,True,True,True,True,True,True,0,32,56,0,36.0,0.0,107.91009999957168
w8_d2_separate_single,8,2,separate,single,full,18,0,True,True,True,0,0,0,0,True,True,True,21.0,1.7142857142857142,0.8571428571428571,True,True,True,True,True,True,True,True,True,True,True,True,0,0,0,0,36.0,0.41666666666666663,14.16109999991022
w8_d2_separate_cooperative,8,2,separate,cooperative,full,18,2,True,True,True,32,0,0,0,True,True,True,21.0,1.7142857142857142,0.9523809523809523,True,True,True,True,True,True,True,True,True,True,True,True,0,32,0,0,36.0,0.41666666666666663,19.84960000118008
w8_d4_shared_single,8,4,shared,single,full,36,0,False,True,True,112,0,112,0,True,True,True,71.0,1.0,0.5,True,True,True,True,True,False,True,True,True,True,True,True,0,0,112,0,71.0,0.0,448.8607999992382
w8_d4_shared_cooperative,8,4,shared,cooperative,full,36,4,False,True,True,176,0,112,0,True,True,True,71.0,1.0,0.5563380281690141,True,True,True,True,True,False,True,True,True,True,True,True,0,64,112,0,71.0,0.0,554.2655999997805
w8_d4_separate_single,8,4,separate,single,full,36,0,True,True,True,0,0,0,0,True,True,True,42.0,1.6904761904761905,0.8452380952380952,True,True,True,True,True,True,True,True,True,True,True,True,0,0,0,0,71.0,0.4084507042253521,108.05774999971618
w8_d4_separate_cooperative,8,4,separate,cooperative,full,36,4,True,True,True,64,0,0,0,True,True,True,42.0,1.6904761904761905,0.9404761904761905,True,True,True,True,True,True,True,True,True,True,True,True,0,64,0,0,71.0,0.4084507042253521,133.40029999926628
