task_id,Method,Critical Path,Waiting Time,Executor Utilization,Estimated Makespan,Speedup,Sync Stability
pour_drink_001,Text-Order Heuristic,16.01,6.210000000000001,0.6677076826983136,16.01,1.0,1.0
pour_drink_001,Direct Candidate Graph,12.49,0.8799999999999999,0.8558847077662131,12.49,1.2818254603682948,1.0
pour_drink_001,Schema-Constrained Candidate,14.3,4.5,0.7475524475524477,14.3,1.1195804195804195,1.0
pour_drink_001,Sequential Planning,16.01,6.210000000000001,0.6677076826983136,16.01,1.0,1.0
pour_drink_001,Verified ATG (Ours),12.49,0.8799999999999999,0.8558847077662131,12.49,1.2818254603682948,1.0
pack_box_002,Text-Order Heuristic,10.84,8.63,0.6019372693726937,10.84,1.0,1.0
pack_box_002,Direct Candidate Graph,6.08,0.8899999999999997,0.9361549497847921,6.97,1.5552367288378766,1.0
pack_box_002,Schema-Constrained Candidate,9.2,5.3500000000000005,0.7092391304347826,9.2,1.1782608695652175,1.0
pack_box_002,Sequential Planning,10.84,8.63,0.6019372693726937,10.84,1.0,1.0
pack_box_002,Verified ATG (Ours),6.16,0.8899999999999997,0.9361549497847921,6.97,1.5552367288378766,1.0
assemble_bracket_003,Text-Order Heuristic,15.73,5.18,0.6493960584869676,15.73,1.0,1.0
assemble_bracket_003,Direct Candidate Graph,12.39,1.4999999999999998,0.7354211663066954,13.89,1.1324694024478041,1.0
assemble_bracket_003,Schema-Constrained Candidate,14.14,1.9999999999999998,0.7224186704384724,14.14,1.1124469589816124,1.0
assemble_bracket_003,Sequential Planning,15.73,5.18,0.6493960584869676,15.73,1.0,1.0
assemble_bracket_003,Verified ATG (Ours),12.39,1.4999999999999998,0.7354211663066954,13.89,1.1324694024478041,1.0
sort_tray_004,Text-Order Heuristic,12.580000000000002,8.96,0.643879173290938,12.580000000000002,1.0,1.0
sort_tray_004,Direct Candidate Graph,10.56,4.92,0.7670454545454547,10.56,1.191287878787879,1.0
sort_tray_004,Schema-Constrained Candidate,9.940000000000001,3.8000000000000007,0.8099999999999998,10.0,1.2580000000000002,1.0
sort_tray_004,Sequential Planning,12.580000000000002,8.96,0.643879173290938,12.580000000000002,1.0,1.0
sort_tray_004,Verified ATG (Ours),10.559999999999999,8.959999999999999,0.6438791732909379,12.579999999999998,1.0000000000000002,1.0
pour_drink_005,Text-Order Heuristic,17.349999999999998,6.5,0.6610951008645534,17.349999999999998,1.0,1.0
pour_drink_005,Direct Candidate Graph,8.54,0.75,0.831159420289855,13.799999999999999,1.2572463768115942,1.0
pour_drink_005,Schema-Constrained Candidate,16.0,5.15,0.7168749999999999,16.0,1.0843749999999999,1.0
pour_drink_005,Sequential Planning,17.349999999999998,6.5,0.6610951008645534,17.349999999999998,1.0,1.0
pour_drink_005,Verified ATG (Ours),13.799999999999999,0.75,0.831159420289855,13.799999999999999,1.2572463768115942,1.0
pack_box_006,Text-Order Heuristic,11.540000000000001,9.23,0.6000866551126517,11.540000000000001,1.0,1.0
pack_box_006,Direct Candidate Graph,6.65,6.31,0.6870039682539683,10.08,1.14484126984127,1.0
pack_box_006,Schema-Constrained Candidate,8.540000000000001,6.31,0.6870039682539683,10.08,1.14484126984127,1.0
pack_box_006,Sequential Planning,11.540000000000001,9.23,0.6000866551126517,11.540000000000001,1.0,1.0
pack_box_006,Verified ATG (Ours),6.65,2.0300000000000002,0.8721662468513853,7.9399999999999995,1.4534005037783377,1.0
assemble_bracket_007,Text-Order Heuristic,18.08,5.29,0.6485066371681416,18.08,1.0,1.0
assemble_bracket_007,Direct Candidate Graph,14.82,1.23,0.7305295950155763,16.049999999999997,1.1264797507788162,1.0
assemble_bracket_007,Schema-Constrained Candidate,16.509999999999998,2.15,0.710175651120533,16.509999999999998,1.0950938824954572,1.0
assemble_bracket_007,Sequential Planning,18.08,5.29,0.6485066371681416,18.08,1.0,1.0
assemble_bracket_007,Verified ATG (Ours),14.82,1.23,0.7305295950155763,16.049999999999997,1.1264797507788162,1.0
sort_tray_008,Text-Order Heuristic,11.170000000000002,8.38,0.6248880931065354,11.170000000000002,1.0,1.0
sort_tray_008,Direct Candidate Graph,9.41,4.86,0.7417640807651436,9.41,1.1870350690754519,1.0
sort_tray_008,Schema-Constrained Candidate,9.21,4.46,0.757871878393051,9.21,1.212812160694897,1.0
sort_tray_008,Sequential Planning,11.170000000000002,8.38,0.6248880931065354,11.170000000000002,1.0,1.0
sort_tray_008,Verified ATG (Ours),9.41,8.38,0.6248880931065354,11.170000000000002,1.0,1.0
pour_drink_009,Text-Order Heuristic,15.219999999999999,5.760000000000001,0.6481603153745071,15.219999999999999,1.0,1.0
pour_drink_009,Direct Candidate Graph,8.51,0.76,0.866871704745167,11.379999999999999,1.3374340949033392,1.0
pour_drink_009,Schema-Constrained Candidate,10.27,4.28,0.7179767103347889,13.739999999999998,1.1077147016011646,1.0
pour_drink_009,Sequential Planning,15.219999999999999,5.760000000000001,0.6481603153745071,15.219999999999999,1.0,1.0
pour_drink_009,Verified ATG (Ours),11.98,0.76,0.8234557595993323,11.98,1.2704507512520866,1.0
pack_box_010,Text-Order Heuristic,10.620000000000001,8.25,0.6115819209039548,10.620000000000001,1.0,1.0
pack_box_010,Direct Candidate Graph,6.0,1.7100000000000004,0.8836734693877552,7.3500000000000005,1.4448979591836735,1.0
pack_box_010,Schema-Constrained Candidate,9.280000000000001,5.57,0.6998922413793104,9.280000000000001,1.144396551724138,1.0
pack_box_010,Sequential Planning,10.620000000000001,8.25,0.6115819209039548,10.620000000000001,1.0,1.0
pack_box_010,Verified ATG (Ours),6.0,1.7100000000000004,0.8836734693877552,7.3500000000000005,1.4448979591836735,1.0
assemble_bracket_011,Text-Order Heuristic,17.310000000000002,5.22,0.6242056614673599,17.310000000000002,1.0,1.0
assemble_bracket_011,Direct Candidate Graph,14.0,1.3999999999999997,0.7016233766233766,15.4,1.1240259740259742,1.0
assemble_bracket_011,Schema-Constrained Candidate,15.659999999999998,1.9200000000000002,0.6899744572158364,15.659999999999998,1.1053639846743297,1.0
assemble_bracket_011,Sequential Planning,17.310000000000002,5.22,0.6242056614673599,17.310000000000002,1.0,1.0
assemble_bracket_011,Verified ATG (Ours),14.0,1.3999999999999997,0.7016233766233766,15.4,1.1240259740259742,1.0
sort_tray_012,Text-Order Heuristic,11.599999999999998,8.219999999999999,0.6456896551724137,11.599999999999998,1.0,1.0
sort_tray_012,Direct Candidate Graph,9.559999999999999,4.14,0.7834728033472803,9.559999999999999,1.213389121338912,1.0
sort_tray_012,Schema-Constrained Candidate,11.599999999999998,8.219999999999999,0.6456896551724137,11.599999999999998,1.0,1.0
sort_tray_012,Sequential Planning,11.599999999999998,8.219999999999999,0.6456896551724137,11.599999999999998,1.0,1.0
sort_tray_012,Verified ATG (Ours),9.559999999999999,4.14,0.7834728033472803,9.559999999999999,1.213389121338912,1.0
pour_drink_013,Text-Order Heuristic,16.490000000000002,5.870000000000001,0.6740448756822316,16.490000000000002,1.0,1.0
pour_drink_013,Direct Candidate Graph,13.030000000000001,0.6800000000000002,0.8530314658480429,13.030000000000001,1.2655410590943976,1.0
pour_drink_013,Schema-Constrained Candidate,14.760000000000002,4.140000000000001,0.7530487804878048,14.760000000000002,1.117208672086721,1.0
pour_drink_013,Sequential Planning,16.490000000000002,5.870000000000001,0.6740448756822316,16.490000000000002,1.0,1.0
pour_drink_013,Verified ATG (Ours),13.030000000000001,0.6800000000000002,0.8530314658480429,13.030000000000001,1.2655410590943976,1.0
pack_box_014,Text-Order Heuristic,12.25,9.65,0.6061224489795918,12.25,1.0,1.0
pack_box_014,Direct Candidate Graph,7.49,1.1700000000000004,0.9269662921348315,8.01,1.529338327091136,1.0
pack_box_014,Schema-Constrained Candidate,8.01,1.1700000000000004,0.9269662921348315,8.01,1.529338327091136,1.0
pack_box_014,Sequential Planning,12.25,9.649999999999999,0.6061224489795918,12.25,1.0,1.0
pack_box_014,Verified ATG (Ours),7.49,1.1700000000000004,0.9269662921348315,8.01,1.529338327091136,1.0
assemble_bracket_015,Text-Order Heuristic,16.96,5.24,0.6370872641509433,16.96,1.0,1.0
assemble_bracket_015,Direct Candidate Graph,13.9,0.8799999999999999,0.7310554803788903,14.780000000000001,1.1474966170500676,1.0
assemble_bracket_015,Schema-Constrained Candidate,15.490000000000002,2.3000000000000003,0.697546804389929,15.490000000000002,1.0948999354422206,1.0
assemble_bracket_015,Sequential Planning,16.96,5.24,0.6370872641509433,16.96,1.0,1.0
assemble_bracket_015,Verified ATG (Ours),13.9,0.8799999999999999,0.7310554803788903,14.780000000000001,1.1474966170500676,1.0
sort_tray_016,Text-Order Heuristic,11.44,8.0,0.6503496503496503,11.44,1.0,1.0
sort_tray_016,Direct Candidate Graph,7.77,4.879999999999999,0.7530364372469636,9.879999999999999,1.1578947368421053,1.0
sort_tray_016,Schema-Constrained Candidate,11.44,8.0,0.6503496503496503,11.44,1.0,1.0
sort_tray_016,Sequential Planning,11.44,8.0,0.6503496503496503,11.44,1.0,1.0
sort_tray_016,Verified ATG (Ours),9.879999999999999,4.879999999999999,0.7530364372469636,9.879999999999999,1.1578947368421053,1.0
pour_drink_017,Text-Order Heuristic,14.739999999999998,5.51,0.6404341926729987,14.739999999999998,1.0,1.0
pour_drink_017,Direct Candidate Graph,11.46,0.54,0.8237347294938917,11.46,1.2862129144851655,1.0
pour_drink_017,Schema-Constrained Candidate,13.149999999999999,3.92,0.7178707224334601,13.149999999999999,1.120912547528517,1.0
pour_drink_017,Sequential Planning,14.739999999999998,5.51,0.6404341926729987,14.739999999999998,1.0,1.0
pour_drink_017,Verified ATG (Ours),11.46,0.54,0.8237347294938917,11.46,1.2862129144851655,1.0
pack_box_018,Text-Order Heuristic,10.93,7.93,0.6372369624885635,10.93,1.0,1.0
pack_box_018,Direct Candidate Graph,6.3,1.5899999999999999,0.8975515463917526,7.76,1.4085051546391754,1.0
pack_box_018,Schema-Constrained Candidate,8.059999999999999,5.109999999999999,0.7316176470588236,9.52,1.148109243697479,1.0
pack_box_018,Sequential Planning,10.93,7.93,0.6372369624885635,10.93,1.0,1.0
pack_box_018,Verified ATG (Ours),6.39,1.59,0.8975515463917526,7.76,1.4085051546391754,1.0
assemble_bracket_019,Text-Order Heuristic,15.44,4.63,0.6515544041450777,15.44,1.0,1.0
assemble_bracket_019,Direct Candidate Graph,7.4,1.2299999999999998,0.7321688500727802,13.74,1.12372634643377,1.0
assemble_bracket_019,Schema-Constrained Candidate,14.17,2.09,0.7099505998588568,14.17,1.0896259703599154,1.0
assemble_bracket_019,Sequential Planning,15.44,4.63,0.6515544041450777,15.44,1.0,1.0
assemble_bracket_019,Verified ATG (Ours),12.510000000000002,1.2299999999999998,0.7321688500727802,13.74,1.12372634643377,1.0
sort_tray_020,Text-Order Heuristic,11.23,8.03,0.6424755120213713,11.23,1.0,1.0
sort_tray_020,Direct Candidate Graph,6.35,4.67,0.7554973821989529,9.55,1.175916230366492,1.0
sort_tray_020,Schema-Constrained Candidate,11.23,8.03,0.6424755120213713,11.23,1.0,1.0
sort_tray_020,Sequential Planning,11.23,8.03,0.6424755120213713,11.23,1.0,1.0
sort_tray_020,Verified ATG (Ours),9.55,4.67,0.7554973821989529,9.55,1.175916230366492,1.0
pour_drink_021,Text-Order Heuristic,15.73,6.5,0.6573426573426575,15.73,1.0,1.0
pour_drink_021,Direct Candidate Graph,11.75,0.14000000000000012,0.88,11.75,1.338723404255319,1.0
pour_drink_021,Schema-Constrained Candidate,14.13,4.9,0.731776362349611,14.13,1.113234253361642,1.0
pour_drink_021,Sequential Planning,15.73,6.5,0.6573426573426575,15.73,1.0,1.0
pour_drink_021,Verified ATG (Ours),11.75,0.14000000000000012,0.88,11.75,1.338723404255319,1.0
pack_box_022,Text-Order Heuristic,12.409999999999998,9.559999999999999,0.6148267526188558,12.409999999999998,1.0,1.0
pack_box_022,Direct Candidate Graph,4.359999999999999,1.5600000000000012,0.9072532699167657,8.41,1.4756242568370985,1.0
pack_box_022,Schema-Constrained Candidate,10.77,6.28,0.7084493964716806,10.77,1.1522748375116063,1.0
pack_box_022,Sequential Planning,12.409999999999998,9.559999999999999,0.6148267526188559,12.409999999999998,1.0,1.0
pack_box_022,Verified ATG (Ours),7.209999999999999,1.5600000000000012,0.9072532699167657,8.41,1.4756242568370985,1.0
assemble_bracket_023,Text-Order Heuristic,15.360000000000001,4.99,0.6315104166666667,15.360000000000001,1.0,1.0
assemble_bracket_023,Direct Candidate Graph,5.9,1.2699999999999998,0.8262350936967632,11.74,1.3083475298126066,1.0
assemble_bracket_023,Schema-Constrained Candidate,14.040000000000001,2.35,0.690883190883191,14.040000000000001,1.0940170940170941,1.0
assemble_bracket_023,Sequential Planning,15.360000000000001,4.99,0.6315104166666667,15.360000000000001,1.0,1.0
assemble_bracket_023,Verified ATG (Ours),12.23,1.2699999999999998,0.7185185185185184,13.5,1.1377777777777778,1.0
sort_tray_024,Text-Order Heuristic,11.0,7.47,0.6604545454545455,11.0,1.0,1.0
sort_tray_024,Direct Candidate Graph,9.5,4.47,0.7647368421052633,9.5,1.1578947368421053,1.0
sort_tray_024,Schema-Constrained Candidate,11.0,7.47,0.6604545454545455,11.0,1.0,1.0
sort_tray_024,Sequential Planning,11.0,7.47,0.6604545454545455,11.0,1.0,1.0
sort_tray_024,Verified ATG (Ours),9.5,4.47,0.7647368421052633,9.5,1.1578947368421053,1.0
pour_drink_025,Text-Order Heuristic,15.99,5.390000000000001,0.6735459662288931,15.99,1.0,1.0
pour_drink_025,Direct Candidate Graph,12.68,0.08000000000000007,0.8493690851735015,12.68,1.2610410094637226,1.0
pour_drink_025,Schema-Constrained Candidate,14.68,4.08,0.7336512261580381,14.68,1.0892370572207084,1.0
pour_drink_025,Sequential Planning,15.99,5.390000000000001,0.6735459662288931,15.99,1.0,1.0
pour_drink_025,Verified ATG (Ours),12.68,0.08000000000000007,0.8493690851735015,12.68,1.2610410094637226,1.0
pack_box_026,Text-Order Heuristic,11.04,8.93,0.5955615942028986,11.04,1.0,1.0
pack_box_026,Direct Candidate Graph,8.209999999999999,6.010000000000001,0.6863256784968684,9.58,1.1524008350730688,1.0
pack_box_026,Schema-Constrained Candidate,9.58,6.010000000000001,0.6863256784968684,9.58,1.1524008350730688,1.0
pack_box_026,Sequential Planning,11.04,8.93,0.5955615942028986,11.04,1.0,1.0
pack_box_026,Verified ATG (Ours),6.5,0.9699999999999998,0.9313031161473087,7.0600000000000005,1.563739376770538,1.0
assemble_bracket_027,Text-Order Heuristic,15.219999999999999,5.15,0.6412614980289092,15.219999999999999,1.0,1.0
assemble_bracket_027,Direct Candidate Graph,7.0600000000000005,0.6300000000000003,0.7530864197530863,12.959999999999999,1.1743827160493827,1.0
assemble_bracket_027,Schema-Constrained Candidate,13.93,2.57,0.7006460875807611,13.93,1.0926058865757358,1.0
assemble_bracket_027,Sequential Planning,15.219999999999999,5.15,0.6412614980289092,15.219999999999999,1.0,1.0
assemble_bracket_027,Verified ATG (Ours),12.329999999999998,0.6300000000000003,0.7530864197530863,12.959999999999999,1.1743827160493827,1.0
sort_tray_028,Text-Order Heuristic,11.559999999999999,8.94,0.6133217993079585,11.559999999999999,1.0,1.0
sort_tray_028,Direct Candidate Graph,6.76,3.639999999999999,0.7957351290684623,8.91,1.297418630751964,1.0
sort_tray_028,Schema-Constrained Candidate,11.559999999999999,8.94,0.6133217993079585,11.559999999999999,1.0,1.0
sort_tray_028,Sequential Planning,11.559999999999999,8.94,0.6133217993079585,11.559999999999999,1.0,1.0
sort_tray_028,Verified ATG (Ours),9.41,4.64,0.7534537725823591,9.41,1.2284803400637618,1.0
pour_drink_029,Text-Order Heuristic,16.52,5.550000000000001,0.6697941888619855,16.52,1.0,1.0
pour_drink_029,Direct Candidate Graph,9.13,0.10000000000000009,0.8446564885496183,13.100000000000001,1.2610687022900762,1.0
pour_drink_029,Schema-Constrained Candidate,15.129999999999999,4.16,0.7313284864507601,15.129999999999999,1.0918704560475876,1.0
pour_drink_029,Sequential Planning,16.52,5.550000000000001,0.6697941888619855,16.52,1.0,1.0
pour_drink_029,Verified ATG (Ours),13.100000000000001,0.10000000000000009,0.8446564885496183,13.100000000000001,1.2610687022900762,1.0
pack_box_030,Text-Order Heuristic,10.91,8.43,0.6136571952337305,10.91,1.0,1.0
pack_box_030,Direct Candidate Graph,8.36,5.729999999999999,0.7003138075313808,9.559999999999999,1.1412133891213392,1.0
pack_box_030,Schema-Constrained Candidate,9.559999999999999,5.729999999999999,0.7003138075313808,9.559999999999999,1.1412133891213392,1.0
pack_box_030,Sequential Planning,10.91,8.43,0.6136571952337305,10.91,1.0,1.0
pack_box_030,Verified ATG (Ours),6.470000000000001,1.9499999999999995,0.8728813559322034,7.67,1.4224250325945242,1.0
assemble_bracket_031,Text-Order Heuristic,16.71,5.16,0.6190903650508678,16.71,1.0,1.0
assemble_bracket_031,Direct Candidate Graph,13.45,1.3599999999999999,0.6985145172180959,14.809999999999999,1.1282916948008104,1.0
assemble_bracket_031,Schema-Constrained Candidate,15.14,2.02,0.6832892998678997,15.14,1.1036988110964332,1.0
assemble_bracket_031,Sequential Planning,16.71,5.16,0.6190903650508678,16.71,1.0,1.0
assemble_bracket_031,Verified ATG (Ours),13.45,1.3599999999999999,0.6985145172180959,14.809999999999999,1.1282916948008104,1.0
sort_tray_032,Text-Order Heuristic,12.41,9.12,0.6325543916196616,12.41,1.0,1.0
sort_tray_032,Direct Candidate Graph,10.649999999999999,5.6,0.7370892018779343,10.649999999999999,1.1652582159624414,1.0
sort_tray_032,Schema-Constrained Candidate,12.41,9.12,0.6325543916196616,12.41,1.0,1.0
sort_tray_032,Sequential Planning,12.41,9.12,0.6325543916196616,12.41,1.0,1.0
sort_tray_032,Verified ATG (Ours),10.649999999999999,5.6,0.7370892018779343,10.649999999999999,1.1652582159624414,1.0
pour_drink_033,Text-Order Heuristic,16.759999999999998,6.209999999999999,0.6730310262529834,16.759999999999998,1.0,1.0
pour_drink_033,Direct Candidate Graph,13.39,0.7399999999999998,0.8424197162061239,13.39,1.2516803584764749,1.0
pour_drink_033,Schema-Constrained Candidate,15.489999999999998,4.9399999999999995,0.7282117495158167,15.489999999999998,1.0819883795997418,1.0
pour_drink_033,Sequential Planning,16.759999999999998,6.209999999999999,0.6730310262529834,16.759999999999998,1.0,1.0
pour_drink_033,Verified ATG (Ours),13.39,0.7399999999999998,0.8424197162061239,13.39,1.2516803584764749,1.0
pack_box_034,Text-Order Heuristic,11.63,9.540000000000001,0.5898538263112639,11.63,1.0,1.0
pack_box_034,Direct Candidate Graph,8.73,6.78,0.6692682926829268,10.25,1.1346341463414635,1.0
pack_box_034,Schema-Constrained Candidate,10.25,6.78,0.6692682926829268,10.25,1.1346341463414635,1.0
pack_box_034,Sequential Planning,11.63,9.540000000000001,0.589853826311264,11.63,1.0,1.0
pack_box_034,Verified ATG (Ours),6.71,2.740000000000001,0.8335358444714458,8.23,1.4131227217496962,1.0
assemble_bracket_035,Text-Order Heuristic,16.14,4.63,0.6174101610904584,16.14,1.0,1.0
assemble_bracket_035,Direct Candidate Graph,9.25,1.3500000000000003,0.6872413793103448,14.5,1.1131034482758622,1.0
assemble_bracket_035,Schema-Constrained Candidate,9.25,1.7100000000000002,0.6788147138964578,14.68,1.0994550408719346,1.0
assemble_bracket_035,Sequential Planning,16.14,4.63,0.6174101610904584,16.14,1.0,1.0
assemble_bracket_035,Verified ATG (Ours),13.149999999999999,1.3500000000000003,0.6872413793103448,14.5,1.1131034482758622,1.0
sort_tray_036,Text-Order Heuristic,12.73,9.100000000000001,0.6425765907305577,12.73,1.0,1.0
sort_tray_036,Direct Candidate Graph,10.84,5.320000000000001,0.7546125461254612,10.84,1.1743542435424354,1.0
sort_tray_036,Schema-Constrained Candidate,12.73,9.100000000000001,0.6425765907305577,12.73,1.0,1.0
sort_tray_036,Sequential Planning,12.73,9.100000000000001,0.6425765907305577,12.73,1.0,1.0
sort_tray_036,Verified ATG (Ours),10.84,5.320000000000001,0.7546125461254612,10.84,1.1743542435424354,1.0
pour_drink_037,Text-Order Heuristic,16.7,5.7299999999999995,0.6652694610778443,16.7,1.0,1.0
pour_drink_037,Direct Candidate Graph,13.26,0.1200000000000001,0.8378582202111614,13.26,1.2594268476621417,1.0
pour_drink_037,Schema-Constrained Candidate,15.43,4.46,0.7200259235255995,15.43,1.082307193778354,1.0
pour_drink_037,Sequential Planning,16.7,5.7299999999999995,0.6652694610778443,16.7,1.0,1.0
pour_drink_037,Verified ATG (Ours),13.26,0.1200000000000001,0.8378582202111614,13.26,1.2594268476621417,1.0
pack_box_038,Text-Order Heuristic,10.76,8.73,0.5943308550185874,10.76,1.0,1.0
pack_box_038,Direct Candidate Graph,7.73,5.39,0.7035203520352035,9.09,1.1837183718371838,1.0
pack_box_038,Schema-Constrained Candidate,9.09,5.39,0.7035203520352035,9.09,1.1837183718371838,1.0
pack_box_038,Sequential Planning,10.76,8.73,0.5943308550185874,10.76,1.0,1.0
pack_box_038,Verified ATG (Ours),5.97,1.8699999999999997,0.8724420190995906,7.33,1.4679399727148703,1.0
assemble_bracket_039,Text-Order Heuristic,17.16,5.13,0.618006993006993,17.16,1.0,1.0
assemble_bracket_039,Direct Candidate Graph,13.839999999999998,1.5099999999999998,0.6908794788273616,15.35,1.1179153094462542,1.0
assemble_bracket_039,Schema-Constrained Candidate,9.62,1.85,0.6833118556701031,15.52,1.1056701030927836,1.0
assemble_bracket_039,Sequential Planning,17.16,5.13,0.618006993006993,17.16,1.0,1.0
assemble_bracket_039,Verified ATG (Ours),13.839999999999998,1.5099999999999998,0.6908794788273616,15.35,1.1179153094462542,1.0
sort_tray_040,Text-Order Heuristic,11.9,9.01,0.6214285714285713,11.9,1.0,1.0
sort_tray_040,Direct Candidate Graph,10.11,5.43,0.7314540059347181,10.11,1.1770524233432247,1.0
sort_tray_040,Schema-Constrained Candidate,11.9,9.01,0.6214285714285713,11.9,1.0,1.0
sort_tray_040,Sequential Planning,11.9,9.01,0.6214285714285713,11.9,1.0,1.0
sort_tray_040,Verified ATG (Ours),10.11,5.43,0.7314540059347181,10.11,1.1770524233432247,1.0
pour_drink_041,Text-Order Heuristic,16.130000000000003,6.19,0.657160570365778,16.130000000000003,1.0,1.0
pour_drink_041,Direct Candidate Graph,9.290000000000001,0.9299999999999999,0.8255451713395638,12.840000000000002,1.2562305295950156,1.0
pour_drink_041,Schema-Constrained Candidate,11.260000000000002,4.87,0.7157326130992573,14.810000000000002,1.0891289669142472,1.0
pour_drink_041,Sequential Planning,16.130000000000003,6.19,0.657160570365778,16.130000000000003,1.0,1.0
pour_drink_041,Verified ATG (Ours),12.840000000000002,0.9299999999999999,0.8255451713395638,12.840000000000002,1.2562305295950156,1.0
pack_box_042,Text-Order Heuristic,10.79,8.69,0.5973123262279889,10.79,1.0,1.0
pack_box_042,Direct Candidate Graph,8.03,6.25,0.6734587251828631,9.57,1.1274817136886102,1.0
pack_box_042,Schema-Constrained Candidate,6.109999999999999,2.41,0.842483660130719,7.65,1.4104575163398692,1.0
pack_box_042,Sequential Planning,10.79,8.69,0.5973123262279889,10.79,1.0,1.0
pack_box_042,Verified ATG (Ours),6.109999999999999,2.41,0.842483660130719,7.65,1.4104575163398692,1.0
assemble_bracket_043,Text-Order Heuristic,17.15,5.35,0.6309037900874637,17.15,1.0,1.0
assemble_bracket_043,Direct Candidate Graph,13.870000000000001,1.2100000000000004,0.7175066312997348,15.08,1.1372679045092837,1.0
assemble_bracket_043,Schema-Constrained Candidate,15.529999999999998,2.1099999999999994,0.6967160334835801,15.529999999999998,1.1043142305215712,1.0
assemble_bracket_043,Sequential Planning,17.15,5.35,0.6309037900874637,17.15,1.0,1.0
assemble_bracket_043,Verified ATG (Ours),13.870000000000001,1.2100000000000004,0.7175066312997348,15.08,1.1372679045092837,1.0
sort_tray_044,Text-Order Heuristic,12.280000000000001,8.489999999999998,0.654315960912052,12.280000000000001,1.0,1.0
sort_tray_044,Direct Candidate Graph,8.76,1.4500000000000002,0.9172374429223744,8.76,1.401826484018265,1.0
sort_tray_044,Schema-Constrained Candidate,12.280000000000001,8.489999999999998,0.654315960912052,12.280000000000001,1.0,1.0
sort_tray_044,Sequential Planning,12.280000000000001,8.49,0.654315960912052,12.280000000000001,1.0,1.0
sort_tray_044,Verified ATG (Ours),10.530000000000001,4.99,0.7630579297245963,10.530000000000001,1.1661918328584995,1.0
pour_drink_045,Text-Order Heuristic,14.649999999999999,6.18,0.6464163822525597,14.649999999999999,1.0,1.0
pour_drink_045,Direct Candidate Graph,11.330000000000002,1.2399999999999998,0.8358340688437775,11.330000000000002,1.2930273609885257,1.0
pour_drink_045,Schema-Constrained Candidate,12.95,4.48,0.7312741312741312,12.95,1.1312741312741312,1.0
pour_drink_045,Sequential Planning,14.649999999999999,6.18,0.6464163822525597,14.649999999999999,1.0,1.0
pour_drink_045,Verified ATG (Ours),11.330000000000002,1.2399999999999998,0.8358340688437775,11.330000000000002,1.2930273609885257,1.0
pack_box_046,Text-Order Heuristic,11.639999999999999,9.399999999999999,0.5962199312714777,11.639999999999999,1.0,1.0
pack_box_046,Direct Candidate Graph,8.530000000000001,6.700000000000001,0.67444120505345,10.290000000000001,1.1311953352769677,1.0
pack_box_046,Schema-Constrained Candidate,10.290000000000001,6.700000000000001,0.67444120505345,10.290000000000001,1.1311953352769677,1.0
pack_box_046,Sequential Planning,11.639999999999999,9.399999999999999,0.5962199312714777,11.639999999999999,1.0,1.0
pack_box_046,Verified ATG (Ours),6.54,2.1,0.8685857321652065,7.99,1.4568210262828534,1.0
assemble_bracket_047,Text-Order Heuristic,16.27,4.84,0.6527350952673632,16.27,1.0,1.0
assemble_bracket_047,Direct Candidate Graph,7.83,0.8000000000000003,0.7452631578947367,14.249999999999998,1.1417543859649124,1.0
assemble_bracket_047,Schema-Constrained Candidate,8.44,2.0999999999999996,0.712751677852349,14.899999999999999,1.0919463087248322,1.0
assemble_bracket_047,Sequential Planning,16.27,4.84,0.6527350952673632,16.27,1.0,1.0
assemble_bracket_047,Verified ATG (Ours),13.45,0.8000000000000003,0.7452631578947367,14.249999999999998,1.1417543859649124,1.0
sort_tray_048,Text-Order Heuristic,11.959999999999999,8.45,0.6467391304347826,11.959999999999999,1.0,1.0
sort_tray_048,Direct Candidate Graph,7.63,4.249999999999999,0.7844827586206897,9.86,1.2129817444219066,1.0
sort_tray_048,Schema-Constrained Candidate,11.959999999999999,8.45,0.6467391304347826,11.959999999999999,1.0,1.0
sort_tray_048,Sequential Planning,11.959999999999999,8.45,0.6467391304347826,11.959999999999999,1.0,1.0
sort_tray_048,Verified ATG (Ours),9.86,4.249999999999999,0.7844827586206897,9.86,1.2129817444219066,1.0
pour_drink_049,Text-Order Heuristic,17.63,6.279999999999999,0.6661939875212705,17.63,1.0,1.0
pour_drink_049,Direct Candidate Graph,14.26,1.2300000000000002,0.8236325385694248,14.26,1.2363253856942495,1.0
pour_drink_049,Schema-Constrained Candidate,15.94,4.59,0.7368255959849433,15.94,1.1060225846925973,1.0
pour_drink_049,Sequential Planning,17.63,6.279999999999999,0.6661939875212705,17.63,1.0,1.0
pour_drink_049,Verified ATG (Ours),14.26,1.2300000000000002,0.8236325385694248,14.26,1.2363253856942495,1.0
pack_box_050,Text-Order Heuristic,11.75,9.02,0.6161702127659575,11.75,1.0,1.0
pack_box_050,Direct Candidate Graph,8.02,5.92,0.7098039215686275,10.2,1.1519607843137256,1.0
pack_box_050,Schema-Constrained Candidate,8.6,5.92,0.7098039215686275,10.2,1.1519607843137256,1.0
pack_box_050,Sequential Planning,11.75,9.02,0.6161702127659575,11.75,1.0,1.0
pack_box_050,Verified ATG (Ours),6.790000000000001,2.1599999999999993,0.8701923076923078,8.32,1.4122596153846154,1.0
assemble_bracket_051,Text-Order Heuristic,16.98,5.04,0.6383981154299175,16.98,1.0,1.0
assemble_bracket_051,Direct Candidate Graph,14.020000000000001,0.8799999999999999,0.72751677852349,14.9,1.1395973154362415,1.0
assemble_bracket_051,Schema-Constrained Candidate,15.5,2.08,0.6993548387096774,15.5,1.095483870967742,1.0
assemble_bracket_051,Sequential Planning,16.98,5.04,0.6383981154299175,16.98,1.0,1.0
assemble_bracket_051,Verified ATG (Ours),14.020000000000001,0.8799999999999999,0.72751677852349,14.9,1.1395973154362415,1.0
sort_tray_052,Text-Order Heuristic,12.170000000000002,8.88,0.6351684470008218,12.170000000000002,1.0,1.0
sort_tray_052,Direct Candidate Graph,10.370000000000001,5.28,0.7454194792671167,10.370000000000001,1.1735776277724206,1.0
sort_tray_052,Schema-Constrained Candidate,12.170000000000002,8.88,0.6351684470008218,12.170000000000002,1.0,1.0
sort_tray_052,Sequential Planning,12.170000000000002,8.88,0.6351684470008218,12.170000000000002,1.0,1.0
sort_tray_052,Verified ATG (Ours),10.370000000000001,5.28,0.7454194792671167,10.370000000000001,1.1735776277724206,1.0
pour_drink_053,Text-Order Heuristic,16.6,6.63,0.647289156626506,16.6,1.0,1.0
pour_drink_053,Direct Candidate Graph,12.900000000000002,1.0000000000000002,0.8329457364341085,12.900000000000002,1.2868217054263564,1.0
pour_drink_053,Schema-Constrained Candidate,14.830000000000002,4.86,0.7245448415374242,14.830000000000002,1.119352663519892,1.0
pour_drink_053,Sequential Planning,16.6,6.63,0.647289156626506,16.6,1.0,1.0
pour_drink_053,Verified ATG (Ours),12.900000000000002,1.0000000000000002,0.8329457364341085,12.900000000000002,1.2868217054263564,1.0
pack_box_054,Text-Order Heuristic,11.620000000000001,9.21,0.6037005163511188,11.620000000000001,1.0,1.0
pack_box_054,Direct Candidate Graph,8.58,6.350000000000001,0.6884200196270853,10.190000000000001,1.140333660451423,1.0
pack_box_054,Schema-Constrained Candidate,8.58,6.350000000000001,0.6884200196270853,10.190000000000001,1.140333660451423,1.0
pack_box_054,Sequential Planning,11.620000000000001,9.21,0.6037005163511188,11.620000000000001,1.0,1.0
pack_box_054,Verified ATG (Ours),6.92,1.9900000000000009,0.8757802746566791,8.010000000000002,1.4506866416978774,1.0
assemble_bracket_055,Text-Order Heuristic,17.2,5.92,0.6281976744186046,17.2,1.0,1.0
assemble_bracket_055,Direct Candidate Graph,6.66,1.42,0.8375968992248062,12.9,1.3333333333333333,1.0
assemble_bracket_055,Schema-Constrained Candidate,15.530000000000001,2.58,0.6957501609787509,15.530000000000001,1.107533805537669,1.0
assemble_bracket_055,Sequential Planning,17.2,5.92,0.6281976744186046,17.2,1.0,1.0
assemble_bracket_055,Verified ATG (Ours),13.530000000000001,1.42,0.722742474916388,14.95,1.1505016722408026,1.0
sort_tray_056,Text-Order Heuristic,10.67,7.69,0.6396438612933457,10.67,1.0,1.0
sort_tray_056,Direct Candidate Graph,7.09,3.6100000000000003,0.790845886442642,8.63,1.2363847045191192,1.0
sort_tray_056,Schema-Constrained Candidate,10.67,7.69,0.6396438612933457,10.67,1.0,1.0
sort_tray_056,Sequential Planning,10.67,7.69,0.6396438612933457,10.67,1.0,1.0
sort_tray_056,Verified ATG (Ours),9.13,4.61,0.7475355969331874,9.13,1.1686746987951806,1.0
pour_drink_057,Text-Order Heuristic,15.47,6.57,0.6428571428571428,15.47,1.0,1.0
pour_drink_057,Direct Candidate Graph,9.23,1.1300000000000001,0.8435114503816793,11.790000000000001,1.3121289228159456,1.0
pour_drink_057,Schema-Constrained Candidate,10.99,4.8100000000000005,0.7253829321663019,13.71,1.1283734500364697,1.0
pour_drink_057,Sequential Planning,15.47,6.57,0.6428571428571428,15.47,1.0,1.0
pour_drink_057,Verified ATG (Ours),11.870000000000001,1.1300000000000001,0.8378264532434709,11.870000000000001,1.303285593934288,1.0
pack_box_058,Text-Order Heuristic,10.81,8.42,0.6105457909343202,10.81,1.0,1.0
pack_box_058,Direct Candidate Graph,7.16,5.880000000000001,0.6918238993710691,9.540000000000001,1.1331236897274632,1.0
pack_box_058,Schema-Constrained Candidate,8.290000000000001,5.880000000000001,0.6918238993710691,9.540000000000001,1.1331236897274632,1.0
pack_box_058,Sequential Planning,10.81,8.42,0.6105457909343202,10.81,1.0,1.0
pack_box_058,Verified ATG (Ours),6.59,2.2399999999999998,0.8549222797927462,7.720000000000001,1.4002590673575128,1.0
assemble_bracket_059,Text-Order Heuristic,15.2,4.45,0.6598684210526315,15.2,1.0,1.0
assemble_bracket_059,Direct Candidate Graph,12.52,0.9099999999999997,0.7468354430379747,13.43,1.1317944899478778,1.0
assemble_bracket_059,Schema-Constrained Candidate,14.07,2.1900000000000004,0.7128642501776831,14.07,1.0803127221037667,1.0
assemble_bracket_059,Sequential Planning,15.2,4.45,0.6598684210526315,15.2,1.0,1.0
assemble_bracket_059,Verified ATG (Ours),12.52,0.9099999999999997,0.7468354430379747,13.43,1.1317944899478778,1.0
sort_tray_060,Text-Order Heuristic,12.559999999999999,9.1,0.6377388535031846,12.559999999999999,1.0,1.0
sort_tray_060,Direct Candidate Graph,8.559999999999999,1.1,0.9357476635514018,8.559999999999999,1.4672897196261683,1.0
sort_tray_060,Schema-Constrained Candidate,12.559999999999999,9.1,0.6377388535031846,12.559999999999999,1.0,1.0
sort_tray_060,Sequential Planning,12.559999999999999,9.1,0.6377388535031846,12.559999999999999,1.0,1.0
sort_tray_060,Verified ATG (Ours),10.61,5.199999999999999,0.7549481621112158,10.61,1.183788878416588,1.0
pour_drink_061,Text-Order Heuristic,15.749999999999998,6.32,0.6368253968253968,15.749999999999998,1.0,1.0
pour_drink_061,Direct Candidate Graph,8.39,0.6099999999999999,0.8167752442996743,12.28,1.2825732899022801,1.0
pour_drink_061,Schema-Constrained Candidate,14.519999999999998,5.09,0.690771349862259,14.519999999999998,1.084710743801653,1.0
pour_drink_061,Sequential Planning,15.749999999999998,6.32,0.6368253968253968,15.749999999999998,1.0,1.0
pour_drink_061,Verified ATG (Ours),12.28,0.6099999999999999,0.8167752442996743,12.28,1.2825732899022801,1.0
pack_box_062,Text-Order Heuristic,11.71,9.290000000000001,0.60333048676345,11.71,1.0,1.0
pack_box_062,Direct Candidate Graph,6.6,2.4099999999999993,0.8542926239419589,8.27,1.4159613059250304,1.0
pack_box_062,Schema-Constrained Candidate,10.41,6.69,0.6786743515850144,10.41,1.1248799231508166,1.0
pack_box_062,Sequential Planning,11.71,9.290000000000001,0.60333048676345,11.71,1.0,1.0
pack_box_062,Verified ATG (Ours),6.6,2.4099999999999993,0.8542926239419589,8.27,1.4159613059250304,1.0
assemble_bracket_063,Text-Order Heuristic,17.11,4.88,0.6344243132670954,17.11,1.0,1.0
assemble_bracket_063,Direct Candidate Graph,7.25,1.28,0.8046701260192736,13.489999999999998,1.268346923647146,1.0
assemble_bracket_063,Schema-Constrained Candidate,15.669999999999998,1.9999999999999998,0.6927249521378431,15.669999999999998,1.0918953414167198,1.0
assemble_bracket_063,Sequential Planning,17.11,4.88,0.6344243132670954,17.11,1.0,1.0
assemble_bracket_063,Verified ATG (Ours),14.03,1.28,0.709013716525147,15.309999999999999,1.1175702155453953,1.0
sort_tray_064,Text-Order Heuristic,11.76,8.1,0.6556122448979592,11.76,1.0,1.0
sort_tray_064,Direct Candidate Graph,10.2,4.979999999999999,0.7558823529411766,10.2,1.1529411764705884,1.0
sort_tray_064,Schema-Constrained Candidate,11.76,8.1,0.6556122448979592,11.76,1.0,1.0
sort_tray_064,Sequential Planning,11.76,8.1,0.6556122448979592,11.76,1.0,1.0
sort_tray_064,Verified ATG (Ours),10.2,4.979999999999999,0.7558823529411766,10.2,1.1529411764705884,1.0
pour_drink_065,Text-Order Heuristic,15.93,5.95,0.6763967357187696,15.93,1.0,1.0
pour_drink_065,Direct Candidate Graph,12.35,0.1200000000000001,0.8724696356275303,12.35,1.2898785425101216,1.0
pour_drink_065,Schema-Constrained Candidate,14.6,4.62,0.7380136986301369,14.6,1.091095890410959,1.0
pour_drink_065,Sequential Planning,15.93,5.95,0.6763967357187696,15.93,1.0,1.0
pour_drink_065,Verified ATG (Ours),12.35,0.1200000000000001,0.8724696356275303,12.35,1.2898785425101216,1.0
pack_box_066,Text-Order Heuristic,11.73,9.02,0.6155157715260018,11.73,1.0,1.0
pack_box_066,Direct Candidate Graph,8.85,5.779999999999999,0.7141444114737884,10.11,1.1602373887240358,1.0
pack_box_066,Schema-Constrained Candidate,10.11,5.779999999999999,0.7141444114737884,10.11,1.1602373887240358,1.0
pack_box_066,Sequential Planning,11.73,9.02,0.6155157715260018,11.73,1.0,1.0
pack_box_066,Verified ATG (Ours),6.79,1.5199999999999994,0.9047619047619049,7.9799999999999995,1.4699248120300754,1.0
assemble_bracket_067,Text-Order Heuristic,15.83,4.79,0.6137081490840177,15.83,1.0,1.0
assemble_bracket_067,Direct Candidate Graph,12.72,1.21,0.691951566951567,14.04,1.1274928774928776,1.0
assemble_bracket_067,Schema-Constrained Candidate,14.51,2.1499999999999995,0.6695382494831151,14.51,1.090971743625086,1.0
assemble_bracket_067,Sequential Planning,15.83,4.79,0.6137081490840177,15.83,1.0,1.0
assemble_bracket_067,Verified ATG (Ours),12.83,1.21,0.691951566951567,14.04,1.1274928774928776,1.0
sort_tray_068,Text-Order Heuristic,11.7,8.6,0.6324786324786325,11.7,1.0,1.0
sort_tray_068,Direct Candidate Graph,8.26,1.72,0.8958837772397094,8.26,1.4164648910411621,1.0
sort_tray_068,Schema-Constrained Candidate,11.7,8.6,0.6324786324786325,11.7,1.0,1.0
sort_tray_068,Sequential Planning,11.7,8.6,0.6324786324786325,11.7,1.0,1.0
sort_tray_068,Verified ATG (Ours),9.94,5.08,0.744466800804829,9.94,1.1770623742454729,1.0
pour_drink_069,Text-Order Heuristic,15.31,5.06,0.6645983017635533,15.31,1.0,1.0
pour_drink_069,Direct Candidate Graph,12.25,0.29000000000000004,0.8306122448979593,12.25,1.249795918367347,1.0
pour_drink_069,Schema-Constrained Candidate,13.96,3.71,0.7288681948424068,13.96,1.096704871060172,1.0
pour_drink_069,Sequential Planning,15.31,5.06,0.6645983017635533,15.31,1.0,1.0
pour_drink_069,Verified ATG (Ours),12.25,0.29000000000000004,0.8306122448979593,12.25,1.249795918367347,1.0
pack_box_070,Text-Order Heuristic,11.48,8.74,0.6193379790940766,11.48,1.0,1.0
pack_box_070,Direct Candidate Graph,8.41,5.4399999999999995,0.7232960325534079,9.83,1.167853509664293,1.0
pack_box_070,Schema-Constrained Candidate,9.83,5.4399999999999995,0.7232960325534079,9.83,1.167853509664293,1.0
pack_box_070,Sequential Planning,11.48,8.74,0.6193379790940766,11.48,1.0,1.0
pack_box_070,Verified ATG (Ours),6.5600000000000005,1.7400000000000002,0.8909774436090225,7.98,1.4385964912280702,1.0
assemble_bracket_071,Text-Order Heuristic,18.049999999999997,5.59,0.6396121883656509,18.049999999999997,1.0,1.0
assemble_bracket_071,Direct Candidate Graph,12.29,1.4900000000000002,0.8378084179970973,13.780000000000001,1.3098693759071114,1.0
assemble_bracket_071,Schema-Constrained Candidate,16.4,2.2899999999999996,0.7039634146341462,16.4,1.100609756097561,1.0
assemble_bracket_071,Sequential Planning,18.049999999999997,5.59,0.6396121883656509,18.049999999999997,1.0,1.0
assemble_bracket_071,Verified ATG (Ours),14.51,1.4900000000000002,0.7215624999999999,16.0,1.1281249999999998,1.0
sort_tray_072,Text-Order Heuristic,11.86,8.82,0.6281618887015177,11.86,1.0,1.0
sort_tray_072,Direct Candidate Graph,9.969999999999999,5.04,0.7472417251755266,9.969999999999999,1.189568706118355,1.0
sort_tray_072,Schema-Constrained Candidate,9.51,4.12,0.7833859095688748,9.51,1.2471083070452156,1.0
sort_tray_072,Sequential Planning,11.86,8.82,0.6281618887015177,11.86,1.0,1.0
sort_tray_072,Verified ATG (Ours),9.969999999999999,8.82,0.6281618887015177,11.86,1.0,1.0
pour_drink_073,Text-Order Heuristic,15.450000000000001,5.870000000000001,0.6514563106796116,15.450000000000001,1.0,1.0
pour_drink_073,Direct Candidate Graph,9.3,1.17,0.8387500000000001,12.0,1.2875,1.0
pour_drink_073,Schema-Constrained Candidate,13.99,4.41,0.7194424588992137,13.99,1.104360257326662,1.0
pour_drink_073,Sequential Planning,15.450000000000001,5.870000000000001,0.6514563106796116,15.450000000000001,1.0,1.0
pour_drink_073,Verified ATG (Ours),12.370000000000001,1.17,0.8136620856911884,12.370000000000001,1.2489894907033146,1.0
pack_box_074,Text-Order Heuristic,12.12,9.68,0.6006600660066006,12.12,1.0,1.0
pack_box_074,Direct Candidate Graph,8.86,6.5600000000000005,0.6893939393939393,10.56,1.1477272727272727,1.0
pack_box_074,Schema-Constrained Candidate,10.56,6.5600000000000005,0.6893939393939393,10.56,1.1477272727272727,1.0
pack_box_074,Sequential Planning,12.12,9.68,0.6006600660066006,12.12,1.0,1.0
pack_box_074,Verified ATG (Ours),6.8100000000000005,1.6599999999999997,0.8976572133168929,8.11,1.4944512946979038,1.0
assemble_bracket_075,Text-Order Heuristic,18.3,5.529999999999999,0.6349726775956285,18.3,1.0,1.0
assemble_bracket_075,Direct Candidate Graph,14.8,1.4700000000000002,0.71419791026429,16.270000000000003,1.1247695144437613,1.0
assemble_bracket_075,Schema-Constrained Candidate,16.78,2.4899999999999998,0.6924910607866508,16.78,1.0905840286054826,1.0
assemble_bracket_075,Sequential Planning,18.3,5.529999999999999,0.6349726775956285,18.3,1.0,1.0
assemble_bracket_075,Verified ATG (Ours),14.8,1.4700000000000002,0.71419791026429,16.270000000000003,1.1247695144437613,1.0
sort_tray_076,Text-Order Heuristic,11.059999999999999,7.859999999999999,0.6446654611211573,11.059999999999999,1.0,1.0
sort_tray_076,Direct Candidate Graph,7.25,4.359999999999999,0.765843179377014,9.309999999999999,1.1879699248120301,1.0
sort_tray_076,Schema-Constrained Candidate,11.059999999999999,7.859999999999999,0.6446654611211573,11.059999999999999,1.0,1.0
sort_tray_076,Sequential Planning,11.059999999999999,7.859999999999999,0.6446654611211573,11.059999999999999,1.0,1.0
sort_tray_076,Verified ATG (Ours),9.309999999999999,4.359999999999999,0.765843179377014,9.309999999999999,1.1879699248120301,1.0
pour_drink_077,Text-Order Heuristic,16.09,6.0,0.6460534493474207,16.09,1.0,1.0
pour_drink_077,Direct Candidate Graph,8.99,0.2799999999999998,0.8605132450331126,12.08,1.3319536423841059,1.0
pour_drink_077,Schema-Constrained Candidate,14.45,4.359999999999999,0.7193771626297578,14.45,1.1134948096885813,1.0
pour_drink_077,Sequential Planning,16.09,6.0,0.6460534493474207,16.09,1.0,1.0
pour_drink_077,Verified ATG (Ours),12.41,0.2799999999999998,0.837630942788074,12.41,1.2965350523771153,1.0
pack_box_078,Text-Order Heuristic,11.11,8.709999999999999,0.6080108010801081,11.11,1.0,1.0
pack_box_078,Direct Candidate Graph,7.92,5.79,0.7000000000000001,9.65,1.1512953367875647,1.0
pack_box_078,Schema-Constrained Candidate,7.99,5.79,0.7000000000000001,9.65,1.1512953367875647,1.0
pack_box_078,Sequential Planning,11.11,8.709999999999999,0.6080108010801081,11.11,1.0,1.0
pack_box_078,Verified ATG (Ours),6.18,2.1699999999999995,0.861607142857143,7.84,1.4170918367346939,1.0
assemble_bracket_079,Text-Order Heuristic,16.25,5.65,0.6341538461538462,16.25,1.0,1.0
assemble_bracket_079,Direct Candidate Graph,12.84,1.17,0.7355460385438972,14.010000000000002,1.1598857958600999,1.0
assemble_bracket_079,Schema-Constrained Candidate,8.57,2.77,0.6958136394328156,14.81,1.0972316002700877,1.0
assemble_bracket_079,Sequential Planning,16.25,5.65,0.6341538461538462,16.25,1.0,1.0
assemble_bracket_079,Verified ATG (Ours),12.84,1.17,0.7355460385438972,14.010000000000002,1.1598857958600999,1.0
sort_tray_080,Text-Order Heuristic,12.28,8.6,0.6498371335504886,12.28,1.0,1.0
sort_tray_080,Direct Candidate Graph,8.59,1.2199999999999998,0.9289871944121071,8.59,1.429569266589057,1.0
sort_tray_080,Schema-Constrained Candidate,12.28,8.6,0.6498371335504886,12.28,1.0,1.0
sort_tray_080,Sequential Planning,12.28,8.6,0.6498371335504886,12.28,1.0,1.0
sort_tray_080,Verified ATG (Ours),10.549999999999999,5.14,0.7563981042654028,10.549999999999999,1.1639810426540285,1.0
pour_drink_081,Text-Order Heuristic,15.629999999999999,6.449999999999999,0.633397312859885,15.629999999999999,1.0,1.0
pour_drink_081,Direct Candidate Graph,8.91,1.25,0.8354430379746834,11.85,1.3189873417721518,1.0
pour_drink_081,Schema-Constrained Candidate,13.85,4.67,0.7148014440433215,13.85,1.128519855595668,1.0
pour_drink_081,Sequential Planning,15.629999999999999,6.449999999999999,0.633397312859885,15.629999999999999,1.0,1.0
pour_drink_081,Verified ATG (Ours),12.139999999999999,1.25,0.815485996705107,12.139999999999999,1.2874794069192752,1.0
pack_box_082,Text-Order Heuristic,12.120000000000001,9.48,0.6089108910891089,12.120000000000001,1.0,1.0
pack_box_082,Direct Candidate Graph,9.1,6.46,0.6955702167766258,10.61,1.1423185673892555,1.0
pack_box_082,Schema-Constrained Candidate,10.61,6.46,0.6955702167766258,10.61,1.1423185673892555,1.0
pack_box_082,Sequential Planning,12.120000000000001,9.48,0.6089108910891089,12.120000000000001,1.0,1.0
pack_box_082,Verified ATG (Ours),7.450000000000001,1.5399999999999994,0.9055214723926381,8.15,1.487116564417178,1.0
assemble_bracket_083,Text-Order Heuristic,17.66,4.67,0.6494903737259342,17.66,1.0,1.0
assemble_bracket_083,Direct Candidate Graph,14.780000000000001,1.0899999999999999,0.7227473219911783,15.870000000000001,1.1127914303717705,1.0
assemble_bracket_083,Schema-Constrained Candidate,16.3,1.9499999999999997,0.703680981595092,16.3,1.0834355828220859,1.0
assemble_bracket_083,Sequential Planning,17.66,4.67,0.6494903737259342,17.66,1.0,1.0
assemble_bracket_083,Verified ATG (Ours),14.780000000000001,1.0899999999999999,0.7227473219911783,15.870000000000001,1.1127914303717705,1.0
sort_tray_084,Text-Order Heuristic,11.43,8.23,0.6399825021872265,11.43,1.0,1.0
sort_tray_084,Direct Candidate Graph,9.46,4.29,0.7732558139534883,9.46,1.2082452431289639,1.0
sort_tray_084,Schema-Constrained Candidate,8.83,4.17,0.778191489361702,9.4,1.2159574468085106,1.0
sort_tray_084,Sequential Planning,11.43,8.23,0.6399825021872265,11.43,1.0,1.0
sort_tray_084,Verified ATG (Ours),9.46,8.23,0.6399825021872265,11.43,1.0,1.0
pour_drink_085,Text-Order Heuristic,16.43,6.149999999999999,0.6701156421180767,16.43,1.0,1.0
pour_drink_085,Direct Candidate Graph,12.43,0.2200000000000002,0.8703557312252964,12.65,1.298814229249012,1.0
pour_drink_085,Schema-Constrained Candidate,14.799999999999999,4.52,0.7439189189189189,14.799999999999999,1.1101351351351352,1.0
pour_drink_085,Sequential Planning,16.43,6.149999999999999,0.6701156421180767,16.43,1.0,1.0
pour_drink_085,Verified ATG (Ours),12.65,0.2200000000000002,0.8703557312252964,12.65,1.298814229249012,1.0
pack_box_086,Text-Order Heuristic,12.16,9.56,0.606907894736842,12.16,1.0,1.0
pack_box_086,Direct Candidate Graph,4.03,1.6199999999999997,0.9010989010989011,8.19,1.4847374847374848,1.0
pack_box_086,Schema-Constrained Candidate,10.379999999999999,5.999999999999999,0.7109826589595375,10.379999999999999,1.1714836223506746,1.0
pack_box_086,Sequential Planning,12.16,9.56,0.606907894736842,12.16,1.0,1.0
pack_box_086,Verified ATG (Ours),6.630000000000001,1.6199999999999997,0.9010989010989011,8.19,1.4847374847374848,1.0
assemble_bracket_087,Text-Order Heuristic,15.82,4.77,0.654867256637168,15.82,1.0,1.0
assemble_bracket_087,Direct Candidate Graph,12.85,1.1699999999999997,0.738944365192582,14.02,1.1283880171184024,1.0
assemble_bracket_087,Schema-Constrained Candidate,14.629999999999999,2.3899999999999997,0.7081339712918661,14.629999999999999,1.0813397129186604,1.0
assemble_bracket_087,Sequential Planning,15.82,4.77,0.654867256637168,15.82,1.0,1.0
assemble_bracket_087,Verified ATG (Ours),12.85,1.1699999999999997,0.738944365192582,14.02,1.1283880171184024,1.0
sort_tray_088,Text-Order Heuristic,10.809999999999999,7.449999999999999,0.6554116558741906,10.809999999999999,1.0,1.0
sort_tray_088,Direct Candidate Graph,7.459999999999999,4.529999999999999,0.7577540106951871,9.35,1.1561497326203207,1.0
sort_tray_088,Schema-Constrained Candidate,8.45,3.67,0.7942825112107622,8.92,1.2118834080717487,1.0
sort_tray_088,Sequential Planning,10.809999999999999,7.449999999999999,0.6554116558741906,10.809999999999999,1.0,1.0
sort_tray_088,Verified ATG (Ours),9.35,7.45,0.6554116558741906,10.81,0.9999999999999999,1.0
pour_drink_089,Text-Order Heuristic,17.08,6.870000000000001,0.6566159250585479,17.08,1.0,1.0
pour_drink_089,Direct Candidate Graph,12.389999999999999,0.71,0.8561068702290077,13.1,1.3038167938931298,1.0
pour_drink_089,Schema-Constrained Candidate,15.28,5.07,0.7339659685863874,15.28,1.1178010471204187,1.0
pour_drink_089,Sequential Planning,17.08,6.870000000000001,0.6566159250585479,17.08,1.0,1.0
pour_drink_089,Verified ATG (Ours),13.1,0.71,0.8561068702290077,13.1,1.3038167938931298,1.0
pack_box_090,Text-Order Heuristic,11.5,8.71,0.6213043478260869,11.5,1.0,1.0
pack_box_090,Direct Candidate Graph,7.12,1.7099999999999997,0.893125,8.0,1.4375,1.0
pack_box_090,Schema-Constrained Candidate,10.219999999999999,6.1499999999999995,0.699119373776908,10.219999999999999,1.1252446183953035,1.0
pack_box_090,Sequential Planning,11.5,8.71,0.6213043478260869,11.5,1.0,1.0
pack_box_090,Verified ATG (Ours),7.12,1.7099999999999997,0.893125,8.0,1.4375,1.0
assemble_bracket_091,Text-Order Heuristic,16.84,5.18,0.6454869358669835,16.84,1.0,1.0
assemble_bracket_091,Direct Candidate Graph,13.51,0.8399999999999999,0.7409679618268576,14.67,1.1479209270620314,1.0
assemble_bracket_091,Schema-Constrained Candidate,15.68,2.8599999999999994,0.6932397959183674,15.68,1.0739795918367347,1.0
assemble_bracket_091,Sequential Planning,16.84,5.18,0.6454869358669835,16.84,1.0,1.0
assemble_bracket_091,Verified ATG (Ours),13.83,0.8399999999999999,0.7409679618268576,14.67,1.1479209270620314,1.0
sort_tray_092,Text-Order Heuristic,11.56,8.040000000000001,0.6522491349480969,11.56,1.0,1.0
sort_tray_092,Direct Candidate Graph,5.609999999999999,3.8599999999999994,0.7961985216473073,9.469999999999999,1.220696937697994,1.0
sort_tray_092,Schema-Constrained Candidate,11.56,8.040000000000001,0.6522491349480969,11.56,1.0,1.0
sort_tray_092,Sequential Planning,11.56,8.040000000000001,0.6522491349480969,11.56,1.0,1.0
sort_tray_092,Verified ATG (Ours),9.8,4.5200000000000005,0.7693877551020408,9.8,1.1795918367346938,1.0
pour_drink_093,Text-Order Heuristic,15.17,5.729999999999999,0.6473302570863547,15.17,1.0,1.0
pour_drink_093,Direct Candidate Graph,11.88,0.75,0.8265993265993266,11.88,1.2769360269360268,1.0
pour_drink_093,Schema-Constrained Candidate,13.57,4.13,0.7236551215917465,13.57,1.117907148120855,1.0
pour_drink_093,Sequential Planning,15.17,5.729999999999999,0.6473302570863547,15.17,1.0,1.0
pour_drink_093,Verified ATG (Ours),11.88,0.75,0.8265993265993266,11.88,1.2769360269360268,1.0
pack_box_094,Text-Order Heuristic,11.850000000000001,9.040000000000001,0.6185654008438819,11.850000000000001,1.0,1.0
pack_box_094,Direct Candidate Graph,9.040000000000001,6.380000000000001,0.6967680608365019,10.520000000000001,1.126425855513308,1.0
pack_box_094,Schema-Constrained Candidate,10.520000000000001,6.380000000000001,0.6967680608365019,10.520000000000001,1.126425855513308,1.0
pack_box_094,Sequential Planning,11.850000000000001,9.040000000000001,0.6185654008438819,11.850000000000001,1.0,1.0
pack_box_094,Verified ATG (Ours),7.220000000000001,1.9200000000000004,0.8841978287092883,8.290000000000001,1.4294330518697225,1.0
assemble_bracket_095,Text-Order Heuristic,16.36,5.08,0.6418092909535452,16.36,1.0,1.0
assemble_bracket_095,Direct Candidate Graph,12.719999999999999,0.9199999999999999,0.7352941176470589,14.279999999999998,1.1456582633053223,1.0
assemble_bracket_095,Schema-Constrained Candidate,8.2,2.2,0.7037533512064345,14.919999999999998,1.096514745308311,1.0
assemble_bracket_095,Sequential Planning,16.36,5.08,0.6418092909535452,16.36,1.0,1.0
assemble_bracket_095,Verified ATG (Ours),13.36,0.9199999999999999,0.7352941176470589,14.279999999999998,1.1456582633053223,1.0
sort_tray_096,Text-Order Heuristic,11.739999999999998,8.059999999999999,0.6567291311754685,11.739999999999998,1.0,1.0
sort_tray_096,Direct Candidate Graph,10.2,4.9799999999999995,0.7558823529411764,10.2,1.1509803921568627,1.0
sort_tray_096,Schema-Constrained Candidate,11.739999999999998,8.059999999999999,0.6567291311754685,11.739999999999998,1.0,1.0
sort_tray_096,Sequential Planning,11.739999999999998,8.059999999999999,0.6567291311754685,11.739999999999998,1.0,1.0
sort_tray_096,Verified ATG (Ours),10.2,4.9799999999999995,0.7558823529411764,10.2,1.1509803921568627,1.0
pour_drink_097,Text-Order Heuristic,16.1,5.289999999999999,0.6795031055900621,16.1,1.0,1.0
pour_drink_097,Direct Candidate Graph,12.760000000000002,0.11999999999999988,0.8493788819875775,12.88,1.25,1.0
pour_drink_097,Schema-Constrained Candidate,14.830000000000002,4.02,0.7376938637896157,14.830000000000002,1.0856372218476062,1.0
pour_drink_097,Sequential Planning,16.1,5.289999999999999,0.6795031055900621,16.1,1.0,1.0
pour_drink_097,Verified ATG (Ours),12.88,0.11999999999999988,0.8493788819875775,12.88,1.25,1.0
pack_box_098,Text-Order Heuristic,12.24,9.77,0.6008986928104575,12.24,1.0,1.0
pack_box_098,Direct Candidate Graph,7.130000000000001,2.0899999999999994,0.8755952380952382,8.4,1.457142857142857,1.0
pack_box_098,Schema-Constrained Candidate,8.4,2.0899999999999994,0.8755952380952382,8.4,1.457142857142857,1.0
pack_box_098,Sequential Planning,12.24,9.77,0.6008986928104575,12.24,1.0,1.0
pack_box_098,Verified ATG (Ours),7.130000000000001,2.0899999999999994,0.8755952380952382,8.4,1.457142857142857,1.0
assemble_bracket_099,Text-Order Heuristic,17.66,5.470000000000001,0.6506228765571914,17.66,1.0,1.0
assemble_bracket_099,Direct Candidate Graph,14.36,1.13,0.7417688831504197,15.49,1.1400903808908973,1.0
assemble_bracket_099,Schema-Constrained Candidate,16.14,2.43,0.7118959107806692,16.14,1.094175960346964,1.0
assemble_bracket_099,Sequential Planning,17.66,5.470000000000001,0.6506228765571914,17.66,1.0,1.0
assemble_bracket_099,Verified ATG (Ours),14.36,1.13,0.7417688831504197,15.49,1.1400903808908973,1.0
sort_tray_100,Text-Order Heuristic,12.82,9.14,0.6435257410296412,12.82,1.0,1.0
sort_tray_100,Direct Candidate Graph,10.76,5.0200000000000005,0.766728624535316,10.76,1.191449814126394,1.0
sort_tray_100,Schema-Constrained Candidate,12.82,9.14,0.6435257410296412,12.82,1.0,1.0
sort_tray_100,Sequential Planning,12.82,9.14,0.6435257410296412,12.82,1.0,1.0
sort_tray_100,Verified ATG (Ours),10.76,5.0200000000000005,0.766728624535316,10.76,1.191449814126394,1.0
pour_drink_101,Text-Order Heuristic,15.639999999999999,6.569999999999999,0.6377877237851662,15.639999999999999,1.0,1.0
pour_drink_101,Direct Candidate Graph,8.049999999999999,0.8700000000000001,0.8382352941176472,11.9,1.314285714285714,1.0
pour_drink_101,Schema-Constrained Candidate,14.1,5.03,0.7074468085106382,14.1,1.1092198581560284,1.0
pour_drink_101,Sequential Planning,15.639999999999999,6.569999999999999,0.6377877237851662,15.639999999999999,1.0,1.0
pour_drink_101,Verified ATG (Ours),12.02,0.8700000000000001,0.8298668885191349,12.02,1.3011647254575707,1.0
pack_box_102,Text-Order Heuristic,11.26,9.07,0.597246891651865,11.26,1.0,1.0
pack_box_102,Direct Candidate Graph,6.27,1.83,0.8802356020942407,7.640000000000001,1.4738219895287956,1.0
pack_box_102,Schema-Constrained Candidate,9.57,5.6899999999999995,0.7027168234064786,9.57,1.1765935214211076,1.0
pack_box_102,Sequential Planning,11.26,9.07,0.597246891651865,11.26,1.0,1.0
pack_box_102,Verified ATG (Ours),6.27,1.83,0.8802356020942407,7.640000000000001,1.4738219895287956,1.0
assemble_bracket_103,Text-Order Heuristic,17.01,4.93,0.6219870664315109,17.01,1.0,1.0
assemble_bracket_103,Direct Candidate Graph,14.14,0.81,0.7076923076923077,14.950000000000001,1.1377926421404683,1.0
assemble_bracket_103,Schema-Constrained Candidate,15.860000000000001,2.6300000000000003,0.6670870113493065,15.860000000000001,1.0725094577553593,1.0
assemble_bracket_103,Sequential Planning,17.01,4.93,0.6219870664315109,17.01,1.0,1.0
assemble_bracket_103,Verified ATG (Ours),14.14,0.81,0.7076923076923077,14.950000000000001,1.1377926421404683,1.0
sort_tray_104,Text-Order Heuristic,11.0,8.17,0.6286363636363637,11.0,1.0,1.0
sort_tray_104,Direct Candidate Graph,7.21,4.35,0.7607260726072608,9.09,1.21012101210121,1.0
sort_tray_104,Schema-Constrained Candidate,7.21,4.35,0.7607260726072608,9.09,1.21012101210121,1.0
sort_tray_104,Sequential Planning,11.0,8.17,0.6286363636363637,11.0,1.0,1.0
sort_tray_104,Verified ATG (Ours),9.12,8.169999999999998,0.6286363636363637,10.999999999999998,1.0000000000000002,1.0
pour_drink_105,Text-Order Heuristic,15.659999999999998,5.529999999999999,0.6708173690932312,15.659999999999998,1.0,1.0
pour_drink_105,Direct Candidate Graph,7.97,0.9200000000000002,0.8239215686274509,12.75,1.2282352941176469,1.0
pour_drink_105,Schema-Constrained Candidate,14.45,4.32,0.7269896193771626,14.45,1.0837370242214532,1.0
pour_drink_105,Sequential Planning,15.659999999999998,5.529999999999999,0.6708173690932312,15.659999999999998,1.0,1.0
pour_drink_105,Verified ATG (Ours),12.75,0.9200000000000002,0.8239215686274509,12.75,1.2282352941176469,1.0
pack_box_106,Text-Order Heuristic,11.84,9.41,0.6026182432432432,11.84,1.0,1.0
pack_box_106,Direct Candidate Graph,8.76,6.050000000000001,0.702263779527559,10.16,1.1653543307086613,1.0
pack_box_106,Schema-Constrained Candidate,10.16,6.050000000000001,0.702263779527559,10.16,1.1653543307086613,1.0
pack_box_106,Sequential Planning,11.84,9.41,0.6026182432432432,11.84,1.0,1.0
pack_box_106,Verified ATG (Ours),6.57,1.2299999999999998,0.9206451612903226,7.75,1.527741935483871,1.0
assemble_bracket_107,Text-Order Heuristic,15.73,5.53,0.617291799109981,15.73,1.0,1.0
assemble_bracket_107,Direct Candidate Graph,8.17,0.8700000000000001,0.7246268656716418,13.399999999999999,1.1738805970149255,1.0
assemble_bracket_107,Schema-Constrained Candidate,8.17,2.45,0.6842847075405214,14.189999999999998,1.108527131782946,1.0
assemble_bracket_107,Sequential Planning,15.73,5.53,0.617291799109981,15.73,1.0,1.0
assemble_bracket_107,Verified ATG (Ours),12.529999999999998,0.8700000000000001,0.7246268656716418,13.399999999999999,1.1738805970149255,1.0
sort_tray_108,Text-Order Heuristic,12.030000000000001,8.81,0.6338320864505403,12.030000000000001,1.0,1.0
sort_tray_108,Direct Candidate Graph,7.9,4.67,0.7655622489959839,9.96,1.2078313253012047,1.0
sort_tray_108,Schema-Constrained Candidate,12.030000000000001,8.81,0.6338320864505403,12.030000000000001,1.0,1.0
sort_tray_108,Sequential Planning,12.030000000000001,8.81,0.6338320864505403,12.030000000000001,1.0,1.0
sort_tray_108,Verified ATG (Ours),9.97,4.6899999999999995,0.7647943831494484,9.97,1.2066198595787363,1.0
pour_drink_109,Text-Order Heuristic,15.690000000000001,5.1000000000000005,0.6905672402804334,15.690000000000001,1.0,1.0
pour_drink_109,Direct Candidate Graph,12.69,0.33000000000000007,0.8538219070133963,12.69,1.236406619385343,1.0
pour_drink_109,Schema-Constrained Candidate,11.080000000000002,3.87,0.7493084370677732,14.46,1.0850622406639003,1.0
pour_drink_109,Sequential Planning,15.690000000000001,5.1000000000000005,0.6905672402804334,15.690000000000001,1.0,1.0
pour_drink_109,Verified ATG (Ours),12.69,0.33000000000000007,0.8538219070133963,12.69,1.236406619385343,1.0
pack_box_110,Text-Order Heuristic,12.33,9.59,0.6111111111111112,12.33,1.0,1.0
pack_box_110,Direct Candidate Graph,8.92,6.169999999999999,0.7095103578154426,10.62,1.1610169491525424,1.0
pack_box_110,Schema-Constrained Candidate,10.62,6.169999999999999,0.7095103578154426,10.62,1.1610169491525424,1.0
pack_box_110,Sequential Planning,12.33,9.59,0.6111111111111112,12.33,1.0,1.0
pack_box_110,Verified ATG (Ours),7.15,2.6299999999999994,0.851412429378531,8.85,1.3932203389830509,1.0
assemble_bracket_111,Text-Order Heuristic,16.5,5.53,0.6127272727272727,16.5,1.0,1.0
assemble_bracket_111,Direct Candidate Graph,13.09,1.29,0.7030598052851182,14.379999999999999,1.1474269819193326,1.0
assemble_bracket_111,Schema-Constrained Candidate,14.84,2.21,0.681266846361186,14.84,1.1118598382749327,1.0
assemble_bracket_111,Sequential Planning,16.5,5.53,0.6127272727272727,16.5,1.0,1.0
assemble_bracket_111,Verified ATG (Ours),13.09,1.29,0.7030598052851182,14.379999999999999,1.1474269819193326,1.0
sort_tray_112,Text-Order Heuristic,11.5,8.22,0.6426086956521739,11.5,1.0,1.0
sort_tray_112,Direct Candidate Graph,7.6,3.7200000000000006,0.7989189189189189,9.25,1.2432432432432432,1.0
sort_tray_112,Schema-Constrained Candidate,11.5,8.22,0.6426086956521739,11.5,1.0,1.0
sort_tray_112,Sequential Planning,11.5,8.22,0.6426086956521739,11.5,1.0,1.0
sort_tray_112,Verified ATG (Ours),9.85,4.92,0.750253807106599,9.85,1.16751269035533,1.0
pour_drink_113,Text-Order Heuristic,16.26,5.790000000000001,0.6629766297662977,16.26,1.0,1.0
pour_drink_113,Direct Candidate Graph,9.44,0.77,0.8363072148952676,12.89,1.26144297905353,1.0
pour_drink_113,Schema-Constrained Candidate,14.540000000000001,4.07,0.7414030261348006,14.540000000000001,1.1182943603851445,1.0
pour_drink_113,Sequential Planning,16.26,5.790000000000001,0.6629766297662977,16.26,1.0,1.0
pour_drink_113,Verified ATG (Ours),12.89,0.77,0.8363072148952676,12.89,1.26144297905353,1.0
pack_box_114,Text-Order Heuristic,10.64,7.98,0.625,10.64,1.0,1.0
pack_box_114,Direct Candidate Graph,7.92,5.18,0.7196969696969697,9.24,1.1515151515151516,1.0
pack_box_114,Schema-Constrained Candidate,7.4,1.5000000000000002,0.8986486486486487,7.4,1.4378378378378378,1.0
pack_box_114,Sequential Planning,10.64,7.98,0.625,10.64,1.0,1.0
pack_box_114,Verified ATG (Ours),6.18,1.5000000000000002,0.8986486486486487,7.4,1.4378378378378378,1.0
assemble_bracket_115,Text-Order Heuristic,16.46,4.91,0.6160388821385177,16.46,1.0,1.0
assemble_bracket_115,Direct Candidate Graph,13.470000000000002,1.0700000000000003,0.6973865199449792,14.540000000000003,1.1320495185694635,1.0
assemble_bracket_115,Schema-Constrained Candidate,15.05,2.09,0.6737541528239203,15.05,1.093687707641196,1.0
assemble_bracket_115,Sequential Planning,16.46,4.91,0.6160388821385177,16.46,1.0,1.0
assemble_bracket_115,Verified ATG (Ours),13.470000000000002,1.0700000000000003,0.6973865199449792,14.540000000000003,1.1320495185694635,1.0
sort_tray_116,Text-Order Heuristic,11.2,8.11,0.6379464285714286,11.2,1.0,1.0
sort_tray_116,Direct Candidate Graph,7.27,0.25,0.982806052269601,7.27,1.5405777166437413,1.0
sort_tray_116,Schema-Constrained Candidate,11.2,8.11,0.6379464285714286,11.2,1.0,1.0
sort_tray_116,Sequential Planning,11.2,8.11,0.6379464285714286,11.2,1.0,1.0
sort_tray_116,Verified ATG (Ours),9.5,4.71,0.7521052631578947,9.5,1.1789473684210525,1.0
pour_drink_117,Text-Order Heuristic,15.13,5.53,0.6777924653007269,15.13,1.0,1.0
pour_drink_117,Direct Candidate Graph,11.9,0.5599999999999998,0.8617647058823529,11.9,1.2714285714285714,1.0
pour_drink_117,Schema-Constrained Candidate,13.64,4.04,0.75183284457478,13.64,1.1092375366568914,1.0
pour_drink_117,Sequential Planning,15.13,5.53,0.6777924653007269,15.13,1.0,1.0
pour_drink_117,Verified ATG (Ours),11.9,0.5599999999999998,0.8617647058823529,11.9,1.2714285714285714,1.0
pack_box_118,Text-Order Heuristic,12.139999999999999,9.78,0.5971993410214167,12.139999999999999,1.0,1.0
pack_box_118,Direct Candidate Graph,6.369999999999999,1.7599999999999998,0.8917589175891758,8.129999999999999,1.4932349323493235,1.0
pack_box_118,Schema-Constrained Candidate,10.44,6.38,0.6944444444444444,10.44,1.1628352490421456,1.0
pack_box_118,Sequential Planning,12.139999999999999,9.78,0.5971993410214167,12.139999999999999,1.0,1.0
pack_box_118,Verified ATG (Ours),6.9399999999999995,1.7599999999999996,0.8917589175891759,8.129999999999999,1.4932349323493235,1.0
assemble_bracket_119,Text-Order Heuristic,16.49,5.21,0.6607034566403881,16.49,1.0,1.0
assemble_bracket_119,Direct Candidate Graph,13.34,1.0899999999999999,0.755024255024255,14.43,1.1427581427581426,1.0
assemble_bracket_119,Schema-Constrained Candidate,15.079999999999998,2.39,0.7224801061007958,15.079999999999998,1.093501326259947,1.0
assemble_bracket_119,Sequential Planning,16.49,5.21,0.6607034566403881,16.49,1.0,1.0
assemble_bracket_119,Verified ATG (Ours),13.34,1.0899999999999999,0.755024255024255,14.43,1.1427581427581426,1.0
sort_tray_120,Text-Order Heuristic,12.35,9.66,0.608906882591093,12.35,1.0,1.0
sort_tray_120,Direct Candidate Graph,7.699999999999999,4.48,0.7704918032786885,9.76,1.2653688524590163,1.0
sort_tray_120,Schema-Constrained Candidate,12.35,9.66,0.608906882591093,12.35,1.0,1.0
sort_tray_120,Sequential Planning,12.35,9.66,0.608906882591093,12.35,1.0,1.0
sort_tray_120,Verified ATG (Ours),10.29,5.539999999999999,0.7308066083576288,10.29,1.2001943634596697,1.0
pour_drink_121,Text-Order Heuristic,16.44,5.7299999999999995,0.6733576642335766,16.44,1.0,1.0
pour_drink_121,Direct Candidate Graph,7.87,0.04999999999999982,0.8594720496894411,12.879999999999999,1.2763975155279506,1.0
pour_drink_121,Schema-Constrained Candidate,15.0,4.29,0.738,15.0,1.096,1.0
pour_drink_121,Sequential Planning,16.44,5.7299999999999995,0.6733576642335766,16.44,1.0,1.0
pour_drink_121,Verified ATG (Ours),12.879999999999999,0.04999999999999982,0.8594720496894411,12.879999999999999,1.2763975155279506,1.0
pack_box_122,Text-Order Heuristic,11.5,9.129999999999999,0.6030434782608696,11.5,1.0,1.0
pack_box_122,Direct Candidate Graph,8.239999999999998,5.69,0.7091002044989776,9.780000000000001,1.1758691206543965,1.0
pack_box_122,Schema-Constrained Candidate,9.780000000000001,5.69,0.7091002044989776,9.780000000000001,1.1758691206543965,1.0
pack_box_122,Sequential Planning,11.5,9.129999999999999,0.6030434782608696,11.5,1.0,1.0
pack_box_122,Verified ATG (Ours),6.28,1.3899999999999997,0.9089121887287026,7.63,1.507208387942333,1.0
assemble_bracket_123,Text-Order Heuristic,16.9,4.9799999999999995,0.6579881656804734,16.9,1.0,1.0
assemble_bracket_123,Direct Candidate Graph,11.84,1.48,0.8348348348348349,13.32,1.2687687687687685,1.0
assemble_bracket_123,Schema-Constrained Candidate,15.31,1.7999999999999998,0.7263226649248856,15.31,1.1038536903984322,1.0
assemble_bracket_123,Sequential Planning,16.9,4.9799999999999995,0.6579881656804734,16.9,1.0,1.0
assemble_bracket_123,Verified ATG (Ours),13.67,1.48,0.733993399339934,15.15,1.1155115511551155,1.0
sort_tray_124,Text-Order Heuristic,11.11,8.15,0.6332133213321331,11.11,1.0,1.0
sort_tray_124,Direct Candidate Graph,5.59,1.2699999999999996,0.9172099087353325,7.67,1.4485006518904824,1.0
sort_tray_124,Schema-Constrained Candidate,11.11,8.15,0.6332133213321331,11.11,1.0,1.0
sort_tray_124,Sequential Planning,11.11,8.15,0.6332133213321331,11.11,1.0,1.0
sort_tray_124,Verified ATG (Ours),9.54,5.01,0.7374213836477987,9.54,1.1645702306079666,1.0
pour_drink_125,Text-Order Heuristic,14.919999999999998,5.41,0.6494638069705094,14.919999999999998,1.0,1.0
pour_drink_125,Direct Candidate Graph,11.66,0.48,0.8310463121783876,11.66,1.2795883361921097,1.0
pour_drink_125,Schema-Constrained Candidate,13.329999999999998,3.82,0.7269317329332333,13.329999999999998,1.1192798199549887,1.0
pour_drink_125,Sequential Planning,14.919999999999998,5.41,0.6494638069705094,14.919999999999998,1.0,1.0
pour_drink_125,Verified ATG (Ours),11.66,0.48,0.8310463121783876,11.66,1.2795883361921097,1.0
pack_box_126,Text-Order Heuristic,10.989999999999998,8.53,0.6119199272065514,10.989999999999998,1.0,1.0
pack_box_126,Direct Candidate Graph,8.219999999999999,6.09,0.6883316274309109,9.77,1.1248720573183213,1.0
pack_box_126,Schema-Constrained Candidate,9.77,6.09,0.6883316274309109,9.77,1.1248720573183213,1.0
pack_box_126,Sequential Planning,10.989999999999998,8.53,0.6119199272065514,10.989999999999998,1.0,1.0
pack_box_126,Verified ATG (Ours),6.55,1.57,0.8954727030625832,7.51,1.4633821571238348,1.0
assemble_bracket_127,Text-Order Heuristic,14.96,4.75,0.6360294117647058,14.96,1.0,1.0
assemble_bracket_127,Direct Candidate Graph,6.14,0.9900000000000002,0.7274464831804283,13.079999999999998,1.1437308868501532,1.0
assemble_bracket_127,Schema-Constrained Candidate,13.829999999999998,2.49,0.6879971077368042,13.829999999999998,1.0817064352856112,1.0
assemble_bracket_127,Sequential Planning,14.96,4.75,0.6360294117647058,14.96,1.0,1.0
assemble_bracket_127,Verified ATG (Ours),12.09,0.9900000000000002,0.7274464831804283,13.079999999999998,1.1437308868501532,1.0
sort_tray_128,Text-Order Heuristic,10.62,7.84,0.6308851224105462,10.62,1.0,1.0
sort_tray_128,Direct Candidate Graph,6.289999999999999,4.140000000000001,0.7639680729760547,8.77,1.210946408209806,1.0
sort_tray_128,Schema-Constrained Candidate,10.62,7.84,0.6308851224105462,10.62,1.0,1.0
sort_tray_128,Sequential Planning,10.62,7.84,0.6308851224105462,10.62,1.0,1.0
sort_tray_128,Verified ATG (Ours),8.879999999999999,4.359999999999999,0.7545045045045045,8.879999999999999,1.195945945945946,1.0
pour_drink_129,Text-Order Heuristic,17.13,6.299999999999999,0.672796263864565,17.13,1.0,1.0
pour_drink_129,Direct Candidate Graph,10.459999999999999,0.9999999999999998,0.8480500367917585,13.59,1.260485651214128,1.0
pour_drink_129,Schema-Constrained Candidate,15.349999999999998,4.52,0.750814332247557,15.349999999999998,1.1159609120521174,1.0
pour_drink_129,Sequential Planning,17.13,6.299999999999999,0.672796263864565,17.13,1.0,1.0
pour_drink_129,Verified ATG (Ours),13.59,0.9999999999999998,0.8480500367917585,13.59,1.260485651214128,1.0
pack_box_130,Text-Order Heuristic,11.629999999999999,8.85,0.619518486672399,11.629999999999999,1.0,1.0
pack_box_130,Direct Candidate Graph,8.93,5.95,0.7077603143418467,10.18,1.1424361493123771,1.0
pack_box_130,Schema-Constrained Candidate,10.18,5.95,0.7077603143418467,10.18,1.1424361493123771,1.0
pack_box_130,Sequential Planning,11.629999999999999,8.85,0.619518486672399,11.629999999999999,1.0,1.0
pack_box_130,Verified ATG (Ours),6.84,1.7300000000000004,0.8928128872366791,8.07,1.4411400247831472,1.0
assemble_bracket_131,Text-Order Heuristic,16.689999999999998,5.23,0.6387058118633913,16.689999999999998,1.0,1.0
assemble_bracket_131,Direct Candidate Graph,8.45,1.31,0.723693143245078,14.73,1.1330617786829598,1.0
assemble_bracket_131,Schema-Constrained Candidate,15.07,1.9899999999999998,0.7073656270736562,15.07,1.1074983410749832,1.0
assemble_bracket_131,Sequential Planning,16.689999999999998,5.23,0.6387058118633913,16.689999999999998,1.0,1.0
assemble_bracket_131,Verified ATG (Ours),13.42,1.31,0.723693143245078,14.73,1.1330617786829598,1.0
sort_tray_132,Text-Order Heuristic,12.200000000000001,8.700000000000003,0.6434426229508197,12.200000000000001,1.0,1.0
sort_tray_132,Direct Candidate Graph,8.16,0.6200000000000001,0.9620098039215687,8.16,1.4950980392156863,1.0
sort_tray_132,Schema-Constrained Candidate,12.200000000000001,8.700000000000003,0.6434426229508197,12.200000000000001,1.0,1.0
sort_tray_132,Sequential Planning,12.200000000000001,8.700000000000001,0.6434426229508197,12.200000000000001,1.0,1.0
sort_tray_132,Verified ATG (Ours),10.14,4.580000000000001,0.7741617357001972,10.14,1.2031558185404339,1.0
pour_drink_133,Text-Order Heuristic,17.09,6.02,0.6620830895260386,17.09,1.0,1.0
pour_drink_133,Direct Candidate Graph,13.440000000000001,0.42000000000000015,0.8418898809523808,13.440000000000001,1.271577380952381,1.0
pour_drink_133,Schema-Constrained Candidate,15.39,4.32,0.735217673814165,15.39,1.1104613385315139,1.0
pour_drink_133,Sequential Planning,17.09,6.02,0.6620830895260386,17.09,1.0,1.0
pour_drink_133,Verified ATG (Ours),13.440000000000001,0.42000000000000015,0.8418898809523808,13.440000000000001,1.271577380952381,1.0
pack_box_134,Text-Order Heuristic,11.49,8.57,0.6270670147954743,11.49,1.0,1.0
pack_box_134,Direct Candidate Graph,8.649999999999999,5.79,0.7133663366336634,10.1,1.1376237623762377,1.0
pack_box_134,Schema-Constrained Candidate,8.21,2.01,0.8775883069427529,8.21,1.3995127892813641,1.0
pack_box_134,Sequential Planning,11.49,8.57,0.6270670147954744,11.49,1.0,1.0
pack_box_134,Verified ATG (Ours),6.83,2.01,0.8775883069427529,8.21,1.3995127892813641,1.0
assemble_bracket_135,Text-Order Heuristic,17.03,4.78,0.6280093951849677,17.03,1.0,1.0
assemble_bracket_135,Direct Candidate Graph,6.8500000000000005,0.7000000000000002,0.8414634146341464,12.71,1.3398898505114083,1.0
assemble_bracket_135,Schema-Constrained Candidate,15.790000000000001,2.3,0.6773274224192527,15.790000000000001,1.0785307156428119,1.0
assemble_bracket_135,Sequential Planning,17.03,4.78,0.6280093951849677,17.03,1.0,1.0
assemble_bracket_135,Verified ATG (Ours),14.290000000000001,0.7000000000000002,0.7134756504336224,14.99,1.1360907271514344,1.0
sort_tray_136,Text-Order Heuristic,11.730000000000002,8.670000000000002,0.6304347826086957,11.730000000000002,1.0,1.0
sort_tray_136,Direct Candidate Graph,7.380000000000001,4.430000000000001,0.7695109261186264,9.610000000000001,1.2206035379812696,1.0
sort_tray_136,Schema-Constrained Candidate,11.730000000000002,8.670000000000002,0.6304347826086957,11.730000000000002,1.0,1.0
sort_tray_136,Sequential Planning,11.730000000000002,8.670000000000002,0.6304347826086957,11.730000000000002,1.0,1.0
sort_tray_136,Verified ATG (Ours),9.610000000000001,4.430000000000001,0.7695109261186264,9.610000000000001,1.2206035379812696,1.0
pour_drink_137,Text-Order Heuristic,16.509999999999998,5.67,0.6502119927316778,16.509999999999998,1.0,1.0
pour_drink_137,Direct Candidate Graph,9.41,0.07000000000000028,0.8849958779884584,12.129999999999999,1.3610882110469908,1.0
pour_drink_137,Schema-Constrained Candidate,15.009999999999998,4.17,0.7151898734177216,15.009999999999998,1.099933377748168,1.0
pour_drink_137,Sequential Planning,16.509999999999998,5.67,0.6502119927316778,16.509999999999998,1.0,1.0
pour_drink_137,Verified ATG (Ours),12.96,0.07000000000000028,0.8283179012345679,12.96,1.2739197530864195,1.0
pack_box_138,Text-Order Heuristic,11.9,9.48,0.6016806722689075,11.9,1.0,1.0
pack_box_138,Direct Candidate Graph,7.98,6.04,0.7033398821218075,10.18,1.1689587426326131,1.0
pack_box_138,Schema-Constrained Candidate,10.18,6.04,0.7033398821218075,10.18,1.1689587426326131,1.0
pack_box_138,Sequential Planning,11.9,9.48,0.6016806722689075,11.9,1.0,1.0
pack_box_138,Verified ATG (Ours),6.95,2.38,0.8574850299401198,8.35,1.4251497005988025,1.0
assemble_bracket_139,Text-Order Heuristic,16.42,4.95,0.652557856272838,16.42,1.0,1.0
assemble_bracket_139,Direct Candidate Graph,7.71,0.8700000000000001,0.7451321279554938,14.379999999999999,1.141863699582754,1.0
assemble_bracket_139,Schema-Constrained Candidate,15.170000000000002,2.45,0.7063282794990112,15.170000000000002,1.082399472643375,1.0
assemble_bracket_139,Sequential Planning,16.42,4.95,0.652557856272838,16.42,1.0,1.0
assemble_bracket_139,Verified ATG (Ours),13.509999999999998,0.8700000000000001,0.7451321279554938,14.379999999999999,1.141863699582754,1.0
sort_tray_140,Text-Order Heuristic,10.75,8.049999999999999,0.6255813953488373,10.75,1.0,1.0
sort_tray_140,Direct Candidate Graph,4.99,1.9300000000000002,0.8745123537061117,7.69,1.3979193758127437,1.0
sort_tray_140,Schema-Constrained Candidate,10.75,8.049999999999999,0.6255813953488373,10.75,1.0,1.0
sort_tray_140,Sequential Planning,10.75,8.049999999999999,0.6255813953488373,10.75,1.0,1.0
sort_tray_140,Verified ATG (Ours),9.309999999999999,5.169999999999999,0.72234156820623,9.309999999999999,1.154672395273899,1.0
pour_drink_141,Text-Order Heuristic,16.740000000000002,6.610000000000001,0.6496415770609318,16.740000000000002,1.0,1.0
pour_drink_141,Direct Candidate Graph,13.04,0.5900000000000003,0.8339723926380369,13.04,1.2837423312883438,1.0
pour_drink_141,Schema-Constrained Candidate,15.36,5.23,0.7080078125,15.36,1.0898437500000002,1.0
pour_drink_141,Sequential Planning,16.740000000000002,6.610000000000001,0.6496415770609318,16.740000000000002,1.0,1.0
pour_drink_141,Verified ATG (Ours),13.04,0.5900000000000003,0.8339723926380369,13.04,1.2837423312883438,1.0
pack_box_142,Text-Order Heuristic,11.8,8.92,0.6220338983050848,11.8,1.0,1.0
pack_box_142,Direct Candidate Graph,8.129999999999999,5.7,0.7203140333660452,10.190000000000001,1.1579980372914622,1.0
pack_box_142,Schema-Constrained Candidate,10.190000000000001,5.7,0.7203140333660452,10.190000000000001,1.1579980372914622,1.0
pack_box_142,Sequential Planning,11.8,8.92,0.6220338983050847,11.8,1.0,1.0
pack_box_142,Verified ATG (Ours),7.04,1.4999999999999998,0.907292954264524,8.09,1.4585908529048208,1.0
assemble_bracket_143,Text-Order Heuristic,17.62,5.68,0.6472758229284904,17.62,1.0,1.0
assemble_bracket_143,Direct Candidate Graph,12.02,1.02,0.8398379970544919,13.580000000000002,1.2974963181148746,1.0
assemble_bracket_143,Schema-Constrained Candidate,16.060000000000002,2.56,0.7101494396014943,16.060000000000002,1.0971357409713574,1.0
assemble_bracket_143,Sequential Planning,17.62,5.68,0.6472758229284904,17.62,1.0,1.0
assemble_bracket_143,Verified ATG (Ours),14.27,1.02,0.7459123610202746,15.290000000000003,1.1523871811641595,1.0
sort_tray_144,Text-Order Heuristic,10.719999999999999,8.11,0.6217350746268656,10.719999999999999,1.0,1.0
sort_tray_144,Direct Candidate Graph,7.219999999999999,1.1099999999999992,0.9231301939058172,7.219999999999999,1.4847645429362881,1.0
sort_tray_144,Schema-Constrained Candidate,8.26,3.8099999999999996,0.7777129521586932,8.57,1.2508751458576428,1.0
sort_tray_144,Sequential Planning,10.719999999999999,8.11,0.6217350746268656,10.719999999999999,1.0,1.0
sort_tray_144,Verified ATG (Ours),8.9,8.11,0.6217350746268656,10.719999999999999,1.0,1.0
pour_drink_145,Text-Order Heuristic,16.009999999999998,6.21,0.6645846346033729,16.009999999999998,1.0,1.0
pour_drink_145,Direct Candidate Graph,12.159999999999998,0.08000000000000007,0.875,12.159999999999998,1.3166118421052633,1.0
pour_drink_145,Schema-Constrained Candidate,14.44,4.64,0.736842105263158,14.44,1.108725761772853,1.0
pour_drink_145,Sequential Planning,16.009999999999998,6.21,0.6645846346033729,16.009999999999998,1.0,1.0
pour_drink_145,Verified ATG (Ours),12.159999999999998,0.08000000000000007,0.875,12.159999999999998,1.3166118421052633,1.0
pack_box_146,Text-Order Heuristic,11.13,8.23,0.6302785265049416,11.13,1.0,1.0
pack_box_146,Direct Candidate Graph,8.48,5.7299999999999995,0.7100202429149797,9.879999999999999,1.126518218623482,1.0
pack_box_146,Schema-Constrained Candidate,9.879999999999999,5.7299999999999995,0.7100202429149797,9.879999999999999,1.126518218623482,1.0
pack_box_146,Sequential Planning,11.13,8.23,0.6302785265049416,11.13,1.0,1.0
pack_box_146,Verified ATG (Ours),6.74,2.1499999999999995,0.8671199011124845,8.09,1.3757725587144625,1.0
assemble_bracket_147,Text-Order Heuristic,17.39,5.33,0.6529614721104083,17.39,1.0,1.0
assemble_bracket_147,Direct Candidate Graph,14.16,1.13,0.7426422498364944,15.290000000000003,1.1373446697187704,1.0
assemble_bracket_147,Schema-Constrained Candidate,9.18,2.3900000000000006,0.7132537688442211,15.920000000000002,1.0923366834170853,1.0
assemble_bracket_147,Sequential Planning,17.39,5.33,0.6529614721104083,17.39,1.0,1.0
assemble_bracket_147,Verified ATG (Ours),14.16,1.13,0.7426422498364944,15.290000000000003,1.1373446697187704,1.0
sort_tray_148,Text-Order Heuristic,12.21,8.49,0.6523341523341524,12.21,1.0,1.0
sort_tray_148,Direct Candidate Graph,7.870000000000001,3.5299999999999994,0.8186022610483042,9.73,1.2548818088386433,1.0
sort_tray_148,Schema-Constrained Candidate,12.21,8.49,0.6523341523341524,12.21,1.0,1.0
sort_tray_148,Sequential Planning,12.21,8.49,0.6523341523341524,12.21,1.0,1.0
sort_tray_148,Verified ATG (Ours),10.280000000000001,4.630000000000001,0.7748054474708171,10.280000000000001,1.1877431906614786,1.0
pour_drink_149,Text-Order Heuristic,16.82,6.09,0.6608204518430439,16.82,1.0,1.0
pour_drink_149,Direct Candidate Graph,13.38,0.97,0.8307174887892375,13.38,1.257100149476831,1.0
pour_drink_149,Schema-Constrained Candidate,15.06,4.33,0.7380478087649401,15.06,1.1168658698539176,1.0
pour_drink_149,Sequential Planning,16.82,6.09,0.6608204518430439,16.82,1.0,1.0
pour_drink_149,Verified ATG (Ours),13.38,0.97,0.8307174887892375,13.38,1.257100149476831,1.0
pack_box_150,Text-Order Heuristic,10.879999999999999,8.5,0.609375,10.879999999999999,1.0,1.0
pack_box_150,Direct Candidate Graph,7.93,5.699999999999999,0.699367088607595,9.48,1.1476793248945145,1.0
pack_box_150,Schema-Constrained Candidate,9.48,5.699999999999999,0.699367088607595,9.48,1.1476793248945145,1.0
pack_box_150,Sequential Planning,10.879999999999999,8.5,0.609375,10.879999999999999,1.0,1.0
pack_box_150,Verified ATG (Ours),6.02,1.8799999999999994,0.8758256274768824,7.569999999999999,1.4372523117569354,1.0
assemble_bracket_151,Text-Order Heuristic,15.3,5.0,0.6303921568627451,15.3,1.0,1.0
assemble_bracket_151,Direct Candidate Graph,12.180000000000001,1.2400000000000002,0.7187034277198211,13.42,1.1400894187779433,1.0
assemble_bracket_151,Schema-Constrained Candidate,13.950000000000001,2.3,0.6913978494623656,13.950000000000001,1.096774193548387,1.0
assemble_bracket_151,Sequential Planning,15.3,5.0,0.6303921568627451,15.3,1.0,1.0
assemble_bracket_151,Verified ATG (Ours),12.180000000000001,1.2400000000000002,0.7187034277198211,13.42,1.1400894187779433,1.0
sort_tray_152,Text-Order Heuristic,11.64,8.89,0.618127147766323,11.64,1.0,1.0
sort_tray_152,Direct Candidate Graph,9.74,5.09,0.7387063655030801,9.74,1.1950718685831623,1.0
sort_tray_152,Schema-Constrained Candidate,11.64,8.89,0.618127147766323,11.64,1.0,1.0
sort_tray_152,Sequential Planning,11.64,8.89,0.618127147766323,11.64,1.0,1.0
sort_tray_152,Verified ATG (Ours),9.74,5.09,0.7387063655030801,9.74,1.1950718685831623,1.0
pour_drink_153,Text-Order Heuristic,15.949999999999998,6.12,0.6467084639498433,15.949999999999998,1.0,1.0
pour_drink_153,Direct Candidate Graph,11.69,1.14,0.8039750584567418,12.83,1.2431800467653935,1.0
pour_drink_153,Schema-Constrained Candidate,14.69,4.86,0.7021783526208304,14.69,1.0857726344452008,1.0
pour_drink_153,Sequential Planning,15.949999999999998,6.12,0.6467084639498433,15.949999999999998,1.0,1.0
pour_drink_153,Verified ATG (Ours),12.83,1.14,0.8039750584567418,12.83,1.2431800467653935,1.0
pack_box_154,Text-Order Heuristic,11.7,9.12,0.6102564102564103,11.7,1.0,1.0
pack_box_154,Direct Candidate Graph,8.18,6.1,0.7006869479882237,10.19,1.1481844946025515,1.0
pack_box_154,Schema-Constrained Candidate,10.19,6.1,0.7006869479882237,10.19,1.1481844946025515,1.0
pack_box_154,Sequential Planning,11.7,9.12,0.6102564102564103,11.7,1.0,1.0
pack_box_154,Verified ATG (Ours),6.529999999999999,2.2199999999999998,0.8654545454545454,8.25,1.418181818181818,1.0
assemble_bracket_155,Text-Order Heuristic,17.470000000000002,5.34,0.6159129937034917,17.470000000000002,1.0,1.0
assemble_bracket_155,Direct Candidate Graph,14.330000000000002,0.94,0.7046496398166339,15.27,1.1440733464309105,1.0
assemble_bracket_155,Schema-Constrained Candidate,16.130000000000003,2.66,0.6670799752014879,16.130000000000003,1.08307501549907,1.0
assemble_bracket_155,Sequential Planning,17.470000000000002,5.34,0.6159129937034917,17.470000000000002,1.0,1.0
assemble_bracket_155,Verified ATG (Ours),14.330000000000002,0.94,0.7046496398166339,15.27,1.1440733464309105,1.0
sort_tray_156,Text-Order Heuristic,10.880000000000003,8.250000000000002,0.6208639705882353,10.880000000000003,1.0,1.0
sort_tray_156,Direct Candidate Graph,9.330000000000002,5.150000000000001,0.7240085744908896,9.330000000000002,1.1661307609860665,1.0
sort_tray_156,Schema-Constrained Candidate,10.880000000000003,8.250000000000002,0.6208639705882353,10.880000000000003,1.0,1.0
sort_tray_156,Sequential Planning,10.880000000000003,8.250000000000002,0.6208639705882353,10.880000000000003,1.0,1.0
sort_tray_156,Verified ATG (Ours),9.330000000000002,5.150000000000001,0.7240085744908896,9.330000000000002,1.1661307609860665,1.0
pour_drink_157,Text-Order Heuristic,17.17,6.609999999999999,0.6566686080372743,17.17,1.0,1.0
pour_drink_157,Direct Candidate Graph,13.48,0.8300000000000001,0.8364243323442138,13.48,1.273738872403561,1.0
pour_drink_157,Schema-Constrained Candidate,15.57,5.01,0.7241490044958254,15.57,1.1027617212588312,1.0
pour_drink_157,Sequential Planning,17.17,6.609999999999999,0.6566686080372743,17.17,1.0,1.0
pour_drink_157,Verified ATG (Ours),13.48,0.8300000000000001,0.8364243323442138,13.48,1.273738872403561,1.0
pack_box_158,Text-Order Heuristic,12.15,9.370000000000001,0.6144032921810699,12.15,1.0,1.0
pack_box_158,Direct Candidate Graph,6.9399999999999995,1.5299999999999991,0.9070473876063184,8.229999999999999,1.4763061968408264,1.0
pack_box_158,Schema-Constrained Candidate,9.09,5.97,0.7143540669856459,10.45,1.1626794258373208,1.0
pack_box_158,Sequential Planning,12.15,9.370000000000001,0.6144032921810699,12.15,1.0,1.0
pack_box_158,Verified ATG (Ours),6.9399999999999995,1.5299999999999991,0.9070473876063184,8.229999999999999,1.4763061968408264,1.0
assemble_bracket_159,Text-Order Heuristic,16.7,5.04,0.632934131736527,16.7,1.0,1.0
assemble_bracket_159,Direct Candidate Graph,12.2,0.3799999999999999,0.8402225755166932,12.58,1.3275039745627981,1.0
assemble_bracket_159,Schema-Constrained Candidate,15.46,2.5599999999999996,0.683699870633894,15.46,1.0802069857697283,1.0
assemble_bracket_159,Sequential Planning,16.7,5.04,0.632934131736527,16.7,1.0,1.0
assemble_bracket_159,Verified ATG (Ours),13.989999999999998,0.3799999999999999,0.7355601948503827,14.370000000000001,1.16214335421016,1.0
sort_tray_160,Text-Order Heuristic,11.07,8.43,0.6192411924119241,11.07,1.0,1.0
sort_tray_160,Direct Candidate Graph,7.040000000000001,4.210000000000001,0.7650669642857143,8.96,1.2354910714285714,1.0
sort_tray_160,Schema-Constrained Candidate,11.07,8.43,0.6192411924119241,11.07,1.0,1.0
sort_tray_160,Sequential Planning,11.07,8.43,0.6192411924119241,11.07,1.0,1.0
sort_tray_160,Verified ATG (Ours),9.15,4.59,0.7491803278688525,9.15,1.2098360655737705,1.0
