id,group,method,nodes,B_nodes,resource_labels,accepted,source_semantics_valid,makespan,speedup
flow_serial_3,public_recipe,audit_only,3,0,0,False,False,,
flow_serial_3,public_recipe,field_match,3,0,0,True,True,7.0,1.0
flow_serial_3,public_recipe,field_match_compressed,3,0,0,True,True,7.0,1.0
flow_serial_3,public_recipe,full,3,0,0,True,True,7.0,1.0
flow_serial_5,public_recipe,audit_only,5,0,0,False,False,,
flow_serial_5,public_recipe,field_match,5,0,0,True,True,12.0,1.0
flow_serial_5,public_recipe,field_match_compressed,5,0,0,True,True,12.0,1.0
flow_serial_5,public_recipe,full,5,0,0,True,True,12.0,1.0
pair_assembly,public_recipe,audit_only,1,1,0,True,True,4.0,1.0
pair_assembly,public_recipe,field_match,1,1,0,True,True,4.0,1.0
pair_assembly,public_recipe,field_match_compressed,1,1,0,True,True,4.0,1.0
pair_assembly,public_recipe,full,1,1,0,True,True,4.0,1.0
parallel_branch_light,public_recipe,audit_only,3,1,0,False,False,,
parallel_branch_light,public_recipe,field_match,3,1,0,True,True,7.0,1.4285714285714286
parallel_branch_light,public_recipe,field_match_compressed,3,1,0,True,True,7.0,1.4285714285714286
parallel_branch_light,public_recipe,full,3,1,0,True,True,7.0,1.4285714285714286
solo_inspection,public_recipe,audit_only,1,0,0,True,True,2.0,1.0
solo_inspection,public_recipe,field_match,1,0,0,True,True,2.0,1.0
solo_inspection,public_recipe,field_match_compressed,1,0,0,True,True,2.0,1.0
solo_inspection,public_recipe,full,1,0,0,True,True,2.0,1.0
supported_insert,public_recipe,audit_only,2,2,0,False,False,,
supported_insert,public_recipe,field_match,2,2,0,True,True,7.0,1.0
supported_insert,public_recipe,field_match_compressed,2,2,0,True,True,7.0,1.0
supported_insert,public_recipe,full,2,2,0,True,True,7.0,1.0
public_inclusive_or,public_normative_or,audit_only,3,0,0,False,False,,
public_inclusive_or,public_normative_or,field_match,3,0,0,True,True,4.0,1.5
public_inclusive_or,public_normative_or,field_match_compressed,3,0,0,True,True,4.0,1.5
public_inclusive_or,public_normative_or,full,3,0,0,True,True,4.0,1.5
ft06,public_jobshop_projection,audit_only,36,0,6,False,False,,
ft06,public_jobshop_projection,field_match,36,0,6,True,True,152.0,1.2960526315789473
ft06,public_jobshop_projection,field_match_compressed,36,0,6,True,True,152.0,1.2960526315789473
ft06,public_jobshop_projection,full,36,0,6,True,True,113.0,1.7433628318584071
la01,public_jobshop_projection,audit_only,50,0,5,False,False,,
la01,public_jobshop_projection,field_match,50,0,5,True,True,2272.0,1.2539612676056338
la01,public_jobshop_projection,field_match_compressed,50,0,5,True,True,2272.0,1.2539612676056338
la01,public_jobshop_projection,full,50,0,5,True,True,1706.0,1.6699882766705745
la02,public_jobshop_projection,audit_only,50,0,5,False,False,,
la02,public_jobshop_projection,field_match,50,0,5,True,True,2025.0,1.3051851851851852
la02,public_jobshop_projection,field_match_compressed,50,0,5,True,True,2025.0,1.3051851851851852
la02,public_jobshop_projection,full,50,0,5,True,True,1620.0,1.6314814814814815
la03,public_jobshop_projection,audit_only,50,0,5,False,False,,
la03,public_jobshop_projection,field_match,50,0,5,True,True,1732.0,1.375866050808314
la03,public_jobshop_projection,field_match_compressed,50,0,5,True,True,1732.0,1.375866050808314
la03,public_jobshop_projection,full,50,0,5,True,True,1368.0,1.7419590643274854
la04,public_jobshop_projection,audit_only,50,0,5,False,False,,
la04,public_jobshop_projection,field_match,50,0,5,True,True,2195.0,1.1421412300683371
la04,public_jobshop_projection,field_match_compressed,50,0,5,True,True,2195.0,1.1421412300683371
la04,public_jobshop_projection,full,50,0,5,True,True,1423.0,1.7617709065354885
la05,public_jobshop_projection,audit_only,50,0,5,False,False,,
la05,public_jobshop_projection,field_match,50,0,5,True,True,1779.0,1.2833052276559864
la05,public_jobshop_projection,field_match_compressed,50,0,5,True,True,1779.0,1.2833052276559864
la05,public_jobshop_projection,full,50,0,5,True,True,1289.0,1.7711404189294027
